phase,episode,step,state,selected_action,executed_action,mode,reward,next_state,terminal,epsilon,old_q,target,td_error,new_q
train,1,1,"3,0",UP,UP,exploit,-0.04,"2,0",False,0.05,0.0,-0.04,-0.04,-0.02
train,1,2,"2,0",UP,LEFT,exploit,-0.2,"2,0",False,0.05,0.0,-0.2,-0.2,-0.1
train,1,3,"2,0",DOWN,RIGHT,exploit,-0.2,"2,0",False,0.05,0.0,-0.2,-0.2,-0.1
train,1,4,"2,0",RIGHT,RIGHT,explore,-0.2,"2,0",False,0.05,0.0,-0.2,-0.2,-0.1
train,1,5,"2,0",LEFT,LEFT,exploit,-0.2,"2,0",False,0.05,0.0,-0.2,-0.2,-0.1
train,1,6,"2,0",UP,UP,exploit,-0.04,"1,0",False,0.05,-0.1,-0.04,0.060000000000000005,-0.07
train,1,7,"1,0",UP,UP,exploit,-0.04,"0,0",False,0.05,0.0,-0.04,-0.04,-0.02
train,1,8,"0,0",UP,RIGHT,exploit,-0.04,"0,1",False,0.05,0.0,-0.04,-0.04,-0.02
train,1,9,"0,1",DOWN,RIGHT,explore,-0.04,"0,2",False,0.05,0.0,-0.04,-0.04,-0.02
train,1,10,"0,2",UP,LEFT,exploit,-0.04,"0,1",False,0.05,0.0,-0.04,-0.04,-0.02
train,1,11,"0,1",UP,UP,exploit,-0.2,"0,1",False,0.05,0.0,-0.2,-0.2,-0.1
train,1,12,"0,1",LEFT,DOWN,exploit,-0.2,"0,1",False,0.05,0.0,-0.2,-0.2,-0.1
train,1,13,"0,1",RIGHT,RIGHT,exploit,-0.04,"0,2",False,0.05,0.0,-0.04,-0.04,-0.02
train,1,14,"0,2",DOWN,RIGHT,exploit,1.0,"0,3",True,0.05,0.0,1.0,1.0,0.5
train,2,1,"3,0",DOWN,DOWN,exploit,-0.2,"3,0",False,0.05,0.0,-0.2,-0.2,-0.1
train,2,2,"3,0",LEFT,LEFT,exploit,-0.2,"3,0",False,0.05,0.0,-0.2,-0.2,-0.1
train,2,3,"3,0",RIGHT,RIGHT,exploit,-0.04,"3,1",False,0.05,0.0,-0.04,-0.04,-0.02
train,2,4,"3,1",UP,UP,exploit,-0.2,"3,1",False,0.05,0.0,-0.2,-0.2,-0.1
train,2,5,"3,1",DOWN,LEFT,exploit,-0.04,"3,0",False,0.05,0.0,-0.058,-0.058,-0.029
train,2,6,"3,0",UP,UP,exploit,-0.04,"2,0",False,0.05,-0.02,-0.10300000000000001,-0.083,-0.0615
train,2,7,"2,0",UP,UP,exploit,-0.04,"1,0",False,0.05,-0.07,-0.04,0.030000000000000006,-0.05500000000000001
train,2,8,"1,0",DOWN,LEFT,exploit,-0.2,"1,0",False,0.05,0.0,-0.2,-0.2,-0.1
train,2,9,"1,0",LEFT,LEFT,exploit,-0.2,"1,0",False,0.05,0.0,-0.2,-0.2,-0.1
train,2,10,"1,0",RIGHT,RIGHT,exploit,-0.2,"1,0",False,0.05,0.0,-0.2,-0.2,-0.1
train,2,11,"1,0",UP,RIGHT,exploit,-0.2,"1,0",False,0.05,-0.02,-0.21800000000000003,-0.19800000000000004,-0.11900000000000002
train,2,12,"1,0",DOWN,DOWN,exploit,-0.04,"2,0",False,0.05,-0.1,-0.08950000000000001,0.010499999999999995,-0.09475
train,2,13,"2,0",UP,UP,exploit,-0.04,"1,0",False,0.05,-0.05500000000000001,-0.125275,-0.07027499999999999,-0.09013750000000001
train,2,14,"1,0",DOWN,LEFT,exploit,-0.2,"1,0",False,0.05,-0.09475,-0.285275,-0.190525,-0.1900125
train,2,15,"1,0",LEFT,LEFT,exploit,-0.2,"1,0",False,0.05,-0.1,-0.29000000000000004,-0.19000000000000003,-0.195
train,2,16,"1,0",RIGHT,RIGHT,exploit,-0.2,"1,0",False,0.05,-0.1,-0.29000000000000004,-0.19000000000000003,-0.195
train,2,17,"1,0",UP,UP,exploit,-0.04,"0,0",False,0.05,-0.11900000000000002,-0.04,0.07900000000000001,-0.07950000000000002
train,2,18,"0,0",DOWN,DOWN,exploit,-0.04,"1,0",False,0.05,0.0,-0.11155000000000001,-0.11155000000000001,-0.055775000000000005
train,2,19,"1,0",UP,UP,exploit,-0.04,"0,0",False,0.05,-0.07950000000000002,-0.04,0.039500000000000014,-0.05975000000000001
train,2,20,"0,0",RIGHT,RIGHT,explore,-0.04,"0,1",False,0.05,0.0,-0.058,-0.058,-0.029
train,2,21,"0,1",DOWN,DOWN,exploit,-0.2,"0,1",False,0.05,-0.02,-0.21800000000000003,-0.19800000000000004,-0.11900000000000002
train,2,22,"0,1",RIGHT,RIGHT,exploit,-0.04,"0,2",False,0.05,-0.02,0.41000000000000003,0.43000000000000005,0.19500000000000003
train,2,23,"0,2",DOWN,DOWN,exploit,-0.04,"1,2",False,0.05,0.5,-0.04,-0.54,0.22999999999999998
train,2,24,"1,2",UP,UP,exploit,-0.04,"0,2",False,0.05,0.0,0.16699999999999998,0.16699999999999998,0.08349999999999999
train,2,25,"0,2",DOWN,DOWN,exploit,-0.04,"1,2",False,0.05,0.22999999999999998,0.035149999999999994,-0.19485,0.132575
train,3,1,"3,0",RIGHT,DOWN,exploit,-0.2,"3,0",False,0.05,-0.02,-0.21800000000000003,-0.19800000000000004,-0.11900000000000002
train,3,2,"3,0",UP,UP,exploit,-0.04,"2,0",False,0.05,-0.0615,-0.12112375,-0.05962375,-0.091311875
train,3,3,"2,0",UP,UP,exploit,-0.04,"1,0",False,0.05,-0.09013750000000001,-0.09377500000000001,-0.003637500000000002,-0.09195625000000002
train,3,4,"1,0",UP,UP,exploit,-0.04,"0,0",False,0.05,-0.05975000000000001,-0.04,0.01975000000000001,-0.049875
train,3,5,"0,0",LEFT,LEFT,exploit,-0.2,"0,0",False,0.05,0.0,-0.2,-0.2,-0.1
train,3,6,"0,0",UP,UP,exploit,-0.2,"0,0",False,0.05,-0.02,-0.21800000000000003,-0.19800000000000004,-0.11900000000000002
train,3,7,"0,0",RIGHT,RIGHT,exploit,-0.04,"0,1",False,0.05,-0.029,0.13550000000000004,0.16450000000000004,0.05325000000000002
train,3,8,"0,1",RIGHT,DOWN,exploit,-0.2,"0,1",False,0.05,0.19500000000000003,-0.024499999999999966,-0.2195,0.08525000000000003
train,3,9,"0,1",RIGHT,RIGHT,exploit,-0.04,"0,2",False,0.05,0.08525000000000003,0.07931750000000001,-0.005932500000000021,0.08228375000000002
train,3,10,"0,2",DOWN,RIGHT,exploit,1.0,"0,3",True,0.05,0.132575,1.0,0.867425,0.5662875
train,4,1,"3,0",UP,UP,exploit,-0.04,"2,0",False,0.05,-0.091311875,-0.12276062500000001,-0.03144875000000001,-0.10703625
train,4,2,"2,0",UP,UP,exploit,-0.04,"1,0",False,0.05,-0.09195625000000002,-0.0848875,0.0070687500000000125,-0.08842187500000001
train,4,3,"1,0",UP,UP,exploit,-0.04,"0,0",False,0.05,-0.049875,0.007925000000000015,0.05780000000000002,-0.020974999999999994
train,4,4,"0,0",RIGHT,RIGHT,exploit,-0.04,"0,1",False,0.05,0.05325000000000002,0.03405537500000002,-0.019194625,0.04365268750000002
train,4,5,"0,1",RIGHT,RIGHT,exploit,-0.04,"0,2",False,0.05,0.08228375000000002,0.46965875000000007,0.387375,0.27597125
train,4,6,"0,2",DOWN,DOWN,exploit,-0.04,"1,2",False,0.05,0.5662875,0.035149999999999994,-0.5311375,0.30071875000000003
train,4,7,"1,2",UP,UP,exploit,-0.04,"0,2",False,0.05,0.08349999999999999,0.23064687500000006,0.14714687500000007,0.15707343750000002
train,4,8,"0,2",DOWN,DOWN,exploit,-0.04,"1,2",False,0.05,0.30071875000000003,0.10136609375000002,-0.19935265625,0.20104242187500004
train,4,9,"1,2",UP,UP,exploit,-0.04,"0,2",False,0.05,0.15707343750000002,0.14093817968750003,-0.016135257812499998,0.14900580859375
train,4,10,"0,2",DOWN,RIGHT,exploit,1.0,"0,3",True,0.05,0.20104242187500004,1.0,0.798957578125,0.6005212109375
train,5,1,"3,0",DOWN,LEFT,exploit,-0.2,"3,0",False,0.05,-0.1,-0.29000000000000004,-0.19000000000000003,-0.195
train,5,2,"3,0",LEFT,LEFT,exploit,-0.2,"3,0",False,0.05,-0.1,-0.29000000000000004,-0.19000000000000003,-0.195
train,5,3,"3,0",UP,RIGHT,exploit,-0.04,"3,1",False,0.05,-0.10703625,-0.04,0.06703624999999999,-0.073518125
train,5,4,"3,1",LEFT,LEFT,exploit,-0.04,"3,0",False,0.05,0.0,-0.1061663125,-0.1061663125,-0.05308315625
train,5,5,"3,0",UP,LEFT,exploit,-0.2,"3,0",False,0.05,-0.073518125,-0.2661663125,-0.1926481875,-0.16984221875
train,5,6,"3,0",RIGHT,RIGHT,exploit,-0.04,"3,1",False,0.05,-0.11900000000000002,-0.04,0.07900000000000001,-0.07950000000000002
train,5,7,"3,1",RIGHT,RIGHT,exploit,-0.04,"3,2",False,0.05,0.0,-0.04,-0.04,-0.02
train,5,8,"3,2",UP,UP,exploit,-1.0,"2,2",True,0.05,0.0,-1.0,-1.0,-0.5
train,6,1,"3,0",RIGHT,RIGHT,exploit,-0.04,"3,1",False,0.05,-0.07950000000000002,-0.058,0.021500000000000012,-0.06875
train,6,2,"3,1",RIGHT,RIGHT,exploit,-0.04,"3,2",False,0.05,-0.02,-0.04,-0.02,-0.03
train,6,3,"3,2",DOWN,DOWN,exploit,-0.2,"3,2",False,0.05,0.0,-0.2,-0.2,-0.1
train,6,4,"3,2",LEFT,UP,exploit,-1.0,"2,2",True,0.05,0.0,-1.0,-1.0,-0.5
train,7,1,"3,0",RIGHT,RIGHT,exploit,-0.04,"3,1",False,0.05,-0.06875,-0.0661,0.0026499999999999996,-0.06742500000000001
train,7,2,"3,1",DOWN,DOWN,exploit,-0.2,"3,1",False,0.05,-0.029,-0.22610000000000002,-0.19710000000000003,-0.12755000000000002
train,7,3,"3,1",RIGHT,RIGHT,exploit,-0.04,"3,2",False,0.05,-0.03,-0.04,-0.010000000000000002,-0.035
train,7,4,"3,2",RIGHT,RIGHT,exploit,-0.04,"3,3",False,0.05,0.0,-0.04,-0.04,-0.02
train,7,5,"3,3",UP,UP,exploit,-0.04,"2,3",False,0.05,0.0,-0.04,-0.04,-0.02
train,7,6,"2,3",UP,UP,exploit,-0.04,"1,3",False,0.05,0.0,-0.04,-0.04,-0.02
train,7,7,"1,3",UP,UP,exploit,1.0,"0,3",True,0.05,0.0,1.0,1.0,0.5
train,8,1,"3,0",RIGHT,RIGHT,exploit,-0.04,"3,1",False,0.05,-0.06742500000000001,-0.07150000000000001,-0.004074999999999995,-0.06946250000000001
train,8,2,"3,1",RIGHT,RIGHT,exploit,-0.04,"3,2",False,0.05,-0.035,-0.058,-0.023,-0.0465
train,8,3,"3,2",RIGHT,RIGHT,exploit,-0.04,"3,3",False,0.05,-0.02,-0.04,-0.02,-0.03
train,8,4,"3,3",DOWN,DOWN,exploit,-0.2,"3,3",False,0.05,0.0,-0.2,-0.2,-0.1
train,8,5,"3,3",LEFT,LEFT,exploit,-0.04,"3,2",False,0.05,0.0,-0.067,-0.067,-0.0335
train,8,6,"3,2",RIGHT,RIGHT,exploit,-0.04,"3,3",False,0.05,-0.03,-0.04,-0.010000000000000002,-0.035
train,8,7,"3,3",RIGHT,UP,exploit,-0.04,"2,3",False,0.05,0.0,-0.04,-0.04,-0.02
train,8,8,"2,3",DOWN,DOWN,exploit,-0.04,"3,3",False,0.05,0.0,-0.058,-0.058,-0.029
train,8,9,"3,3",UP,UP,exploit,-0.04,"2,3",False,0.05,-0.02,-0.04,-0.02,-0.03
train,8,10,"2,3",LEFT,LEFT,exploit,-1.0,"2,2",True,0.05,0.0,-1.0,-1.0,-0.5
train,9,1,"3,0",RIGHT,RIGHT,exploit,-0.04,"3,1",False,0.05,-0.06946250000000001,-0.08185,-0.012387499999999996,-0.07565625000000001
train,9,2,"3,1",RIGHT,UP,exploit,-0.2,"3,1",False,0.05,-0.0465,-0.24185,-0.19535000000000002,-0.144175
train,9,3,"3,1",LEFT,LEFT,exploit,-0.04,"3,0",False,0.05,-0.05308315625,-0.10809062500000002,-0.055007468750000024,-0.08058689062500002
train,9,4,"3,0",RIGHT,RIGHT,exploit,-0.04,"3,1",False,0.05,-0.07565625000000001,-0.11252820156250001,-0.036871951562500005,-0.09409222578125001
train,9,5,"3,1",LEFT,LEFT,exploit,-0.04,"3,0",False,0.05,-0.08058689062500002,-0.124683003203125,-0.044096112578124985,-0.10263494691406251
train,9,6,"3,0",RIGHT,RIGHT,exploit,-0.04,"3,1",False,0.05,-0.09409222578125001,-0.13,-0.035907774218749994,-0.11204611289062501
train,9,7,"3,1",UP,UP,exploit,-0.2,"3,1",False,0.05,-0.1,-0.29000000000000004,-0.19000000000000003,-0.195
train,9,8,"3,1",LEFT,LEFT,exploit,-0.04,"3,0",False,0.05,-0.10263494691406251,-0.1408415016015625,-0.03820655468749999,-0.1217382242578125
train,9,9,"3,0",RIGHT,RIGHT,exploit,-0.04,"3,1",False,0.05,-0.11204611289062501,-0.14956440183203126,-0.037518288941406255,-0.13080525736132814
train,9,10,"3,1",LEFT,LEFT,exploit,-0.04,"3,0",False,0.05,-0.1217382242578125,-0.15772473162519532,-0.03598650736738282,-0.13973147794150392
train,9,11,"3,0",RIGHT,RIGHT,exploit,-0.04,"3,1",False,0.05,-0.13080525736132814,-0.15479500000000002,-0.023989742638671874,-0.14280012868066408
train,9,12,"3,1",DOWN,DOWN,exploit,-0.2,"3,1",False,0.05,-0.12755000000000002,-0.31479500000000005,-0.18724500000000002,-0.22117250000000005
train,9,13,"3,1",LEFT,LEFT,exploit,-0.04,"3,0",False,0.05,-0.13973147794150392,-0.16852011581259768,-0.02878863787109376,-0.1541257968770508
train,9,14,"3,0",RIGHT,RIGHT,exploit,-0.04,"3,1",False,0.05,-0.14280012868066408,-0.1697575,-0.026957371319335927,-0.15627881434033203
train,9,15,"3,1",RIGHT,UP,exploit,-0.2,"3,1",False,0.05,-0.144175,-0.32975750000000004,-0.18558250000000004,-0.23696625000000002
train,9,16,"3,1",LEFT,LEFT,exploit,-0.04,"3,0",False,0.05,-0.1541257968770508,-0.18065093290629883,-0.026525136029248025,-0.1673883648916748
train,9,17,"3,0",RIGHT,RIGHT,exploit,-0.04,"3,1",False,0.05,-0.15627881434033203,-0.19064952840250735,-0.03437071406217532,-0.17346417137141967
train,9,18,"3,1",LEFT,LEFT,exploit,-0.04,"3,0",False,0.05,-0.1673883648916748,-0.19285799687500002,-0.02546963198332522,-0.1801231808833374
train,9,19,"3,0",UP,UP,exploit,-0.04,"2,0",False,0.05,-0.16984221875,-0.1195796875,0.05026253124999999,-0.14471095312499999
train,9,20,"2,0",UP,UP,exploit,-0.04,"1,0",False,0.05,-0.08842187500000001,-0.0588775,0.02954437500000001,-0.0736496875
train,9,21,"1,0",UP,UP,exploit,-0.04,"0,0",False,0.05,-0.020974999999999994,-0.0007125812499999759,0.020262418750000018,-0.010843790624999985
train,9,22,"0,0",RIGHT,RIGHT,exploit,-0.04,"0,1",False,0.05,0.04365268750000002,0.208374125,0.16472143749999996,0.12601340625000002
train,9,23,"0,1",RIGHT,RIGHT,exploit,-0.04,"0,2",False,0.05,0.27597125,0.5004690898437499,0.22449783984374994,0.38822016992187497
train,9,24,"0,2",DOWN,DOWN,exploit,-0.04,"1,2",False,0.05,0.6005212109375,0.09410522773437502,-0.506415983203125,0.3473132193359375
train,9,25,"1,2",UP,UP,exploit,-0.04,"0,2",False,0.05,0.14900580859375,0.2725818974023438,0.12357608880859378,0.2107938529980469
train,10,1,"3,0",UP,UP,exploit,-0.04,"2,0",False,0.05,-0.14471095312499999,-0.10628471875,0.03842623437499998,-0.1254978359375
train,10,2,"2,0",UP,RIGHT,exploit,-0.2,"2,0",False,0.05,-0.0736496875,-0.26628471875000004,-0.19263503125000003,-0.16996720312500002
train,10,3,"2,0",DOWN,DOWN,exploit,-0.04,"3,0",False,0.05,-0.1,-0.15294805234375,-0.052948052343749996,-0.126474026171875
train,10,4,"3,0",UP,LEFT,exploit,-0.2,"3,0",False,0.05,-0.1254978359375,-0.31294805234375,-0.18745021640625,-0.219222944140625
train,10,5,"3,0",RIGHT,RIGHT,exploit,-0.04,"3,1",False,0.05,-0.17346417137141967,-0.20211086279500368,-0.028646691423584003,-0.18778751708321167
train,10,6,"3,1",LEFT,LEFT,exploit,-0.04,"3,0",False,0.05,-0.1801231808833374,-0.20900876537489052,-0.028885584491553123,-0.19456597312911394
train,10,7,"3,0",RIGHT,RIGHT,exploit,-0.04,"3,1",False,0.05,-0.18778751708321167,-0.21510937581620257,-0.027321858732990895,-0.2014484464497071
train,10,8,"3,1",LEFT,DOWN,exploit,-0.2,"3,1",False,0.05,-0.19456597312911394,-0.3751093758162026,-0.18054340268708863,-0.2848376744726583
train,10,9,"3,1",UP,UP,exploit,-0.2,"3,1",False,0.05,-0.195,-0.37550000000000006,-0.18050000000000005,-0.28525
train,10,10,"3,1",DOWN,DOWN,exploit,-0.2,"3,1",False,0.05,-0.22117250000000005,-0.3990552500000001,-0.17788275000000003,-0.3101138750000001
train,10,11,"3,1",RIGHT,RIGHT,exploit,-0.04,"3,2",False,0.05,-0.23696625000000002,-0.07150000000000001,0.16546625,-0.15423312500000003
train,10,12,"3,2",RIGHT,RIGHT,exploit,-0.04,"3,3",False,0.05,-0.035,-0.058,-0.023,-0.0465
train,10,13,"3,3",RIGHT,RIGHT,exploit,-0.2,"3,3",False,0.05,-0.02,-0.21800000000000003,-0.19800000000000004,-0.11900000000000002
train,10,14,"3,3",UP,UP,exploit,-0.04,"2,3",False,0.05,-0.03,-0.04,-0.010000000000000002,-0.035
train,10,15,"2,3",RIGHT,RIGHT,exploit,-0.2,"2,3",False,0.05,0.0,-0.2,-0.2,-0.1
train,10,16,"2,3",UP,UP,exploit,-0.04,"1,3",False,0.05,-0.02,0.41000000000000003,0.43000000000000005,0.19500000000000003
train,10,17,"1,3",UP,UP,exploit,1.0,"0,3",True,0.05,0.5,1.0,0.5,0.75
train,11,1,"3,0",DOWN,DOWN,exploit,-0.2,"3,0",False,0.05,-0.195,-0.37550000000000006,-0.18050000000000005,-0.28525
train,11,2,"3,0",LEFT,LEFT,exploit,-0.2,"3,0",False,0.05,-0.195,-0.37550000000000006,-0.18050000000000005,-0.28525
train,11,3,"3,0",RIGHT,UP,exploit,-0.04,"2,0",False,0.05,-0.2014484464497071,-0.13,0.0714484464497071,-0.16572422322485356
train,11,4,"2,0",LEFT,LEFT,exploit,-0.2,"2,0",False,0.05,-0.1,-0.29000000000000004,-0.19000000000000003,-0.195
train,11,5,"2,0",RIGHT,RIGHT,exploit,-0.2,"2,0",False,0.05,-0.1,-0.29000000000000004,-0.19000000000000003,-0.195
train,11,6,"2,0",DOWN,DOWN,exploit,-0.04,"3,0",False,0.05,-0.126474026171875,-0.18915180090236822,-0.06267777473049321,-0.15781291353712162
train,11,7,"3,0",RIGHT,RIGHT,exploit,-0.04,"3,1",False,0.05,-0.16572422322485356,-0.17880981250000003,-0.01308558927514647,-0.1722670178624268
train,11,8,"3,1",RIGHT,RIGHT,exploit,-0.04,"3,2",False,0.05,-0.15423312500000003,-0.08185,0.07238312500000002,-0.11804156250000002
train,11,9,"3,2",RIGHT,RIGHT,exploit,-0.04,"3,3",False,0.05,-0.0465,-0.07015,-0.023650000000000004,-0.058325
train,11,10,"3,3",LEFT,LEFT,exploit,-0.04,"3,2",False,0.05,-0.0335,-0.0924925,-0.0589925,-0.06299625
train,11,11,"3,2",RIGHT,DOWN,exploit,-0.2,"3,2",False,0.05,-0.058325,-0.2524925,-0.1941675,-0.15540874999999998
train,11,12,"3,2",DOWN,DOWN,exploit,-0.2,"3,2",False,0.05,-0.1,-0.29000000000000004,-0.19000000000000003,-0.195
train,11,13,"3,2",RIGHT,RIGHT,exploit,-0.04,"3,3",False,0.05,-0.15540874999999998,-0.07150000000000001,0.08390874999999998,-0.113454375
train,11,14,"3,3",UP,UP,exploit,-0.04,"2,3",False,0.05,-0.035,0.13550000000000004,0.17050000000000004,0.05025000000000002
train,11,15,"2,3",UP,UP,exploit,-0.04,"1,3",False,0.05,0.19500000000000003,0.635,0.43999999999999995,0.41500000000000004
train,11,16,"1,3",UP,UP,exploit,1.0,"0,3",True,0.05,0.75,1.0,0.25,0.875
train,12,1,"3,0",RIGHT,RIGHT,exploit,-0.04,"3,1",False,0.05,-0.1722670178624268,-0.14623740625,0.026029611612426784,-0.1592522120562134
train,12,2,"3,1",RIGHT,RIGHT,exploit,-0.04,"3,2",False,0.05,-0.11804156250000002,-0.1421089375,-0.024067374999999988,-0.13007525
train,12,3,"3,2",RIGHT,RIGHT,exploit,-0.04,"3,3",False,0.05,-0.113454375,0.005225000000000014,0.118679375,-0.054114687499999994
train,12,4,"3,3",UP,LEFT,exploit,-0.04,"3,2",False,0.05,0.05025000000000002,-0.08870321875,-0.13895321875000002,-0.019226609374999995
train,12,5,"3,2",RIGHT,DOWN,exploit,-0.2,"3,2",False,0.05,-0.054114687499999994,-0.24870321875,-0.19458853125000003,-0.15140895312500002
train,12,6,"3,2",RIGHT,RIGHT,exploit,-0.04,"3,3",False,0.05,-0.15140895312500002,-0.0573039484375,0.09410500468750002,-0.10435645078125001
train,12,7,"3,3",UP,UP,exploit,-0.04,"2,3",False,0.05,-0.019226609374999995,0.3335000000000001,0.35272660937500006,0.15713669531250002
train,12,8,"2,3",UP,UP,exploit,-0.04,"1,3",False,0.05,0.41500000000000004,0.7474999999999999,0.3324999999999999,0.58125
train,12,9,"1,3",UP,UP,exploit,1.0,"0,3",True,0.05,0.875,1.0,0.125,0.9375
train,13,1,"3,0",RIGHT,RIGHT,exploit,-0.04,"3,1",False,0.05,-0.1592522120562134,-0.15706772500000002,0.00218448705621338,-0.1581599685281067
train,13,2,"3,1",RIGHT,RIGHT,exploit,-0.04,"3,2",False,0.05,-0.13007525,-0.133920805703125,-0.003845555703125003,-0.1319980278515625
train,13,3,"3,2",RIGHT,RIGHT,exploit,-0.04,"3,3",False,0.05,-0.10435645078125001,0.10142302578125001,0.2057794765625,-0.0014667125000000086
train,13,4,"3,3",UP,UP,exploit,-0.04,"2,3",False,0.05,0.15713669531250002,0.4831250000000001,0.32598830468750006,0.32013084765625005
train,13,5,"2,3",UP,UP,exploit,-0.04,"1,3",False,0.05,0.58125,0.80375,0.22249999999999992,0.6925
train,13,6,"1,3",UP,UP,explore,1.0,"0,3",True,0.05,0.9375,1.0,0.0625,0.96875
train,14,1,"3,0",RIGHT,RIGHT,exploit,-0.04,"3,1",False,0.05,-0.1581599685281067,-0.15879822506640626,-0.0006382565382995475,-0.15847909679725647
train,14,2,"3,1",RIGHT,RIGHT,exploit,-0.04,"3,2",False,0.05,-0.1319980278515625,-0.04132004125000001,0.0906779866015625,-0.08665903455078125
train,14,3,"3,2",RIGHT,RIGHT,exploit,-0.04,"3,3",False,0.05,-0.0014667125000000086,0.24811776289062507,0.24958447539062506,0.12332552519531252
train,14,4,"3,3",UP,UP,exploit,-0.04,"2,3",False,0.05,0.32013084765625005,0.5832499999999999,0.2631191523437499,0.45169042382812497
train,14,5,"2,3",UP,LEFT,exploit,-1.0,"2,2",True,0.05,0.6925,-1.0,-1.6925,-0.15374999999999994
train,15,1,"3,0",RIGHT,RIGHT,exploit,-0.04,"3,1",False,0.05,-0.15847909679725647,-0.11799313109570314,0.04048596570155333,-0.1382361139464798
train,15,2,"3,1",RIGHT,RIGHT,exploit,-0.04,"3,2",False,0.05,-0.08665903455078125,0.07099297267578128,0.15765200722656253,-0.007833030937499985
train,15,3,"3,2",RIGHT,RIGHT,exploit,-0.04,"3,3",False,0.05,0.12332552519531252,0.3665213814453125,0.24319585624999995,0.2449234533203125
train,15,4,"3,3",UP,UP,exploit,-0.04,"2,3",False,0.05,0.45169042382812497,-0.0661,-0.517790423828125,0.19279521191406246
train,15,5,"2,3",DOWN,DOWN,exploit,-0.04,"3,3",False,0.05,-0.029,0.1335156907226562,0.1625156907226562,0.052257845361328104
train,15,6,"3,3",UP,UP,exploit,-0.04,"2,3",False,0.05,0.19279521191406246,0.007032060825195294,-0.18576315108886715,0.09991363636962888
train,15,7,"2,3",DOWN,RIGHT,exploit,-0.2,"2,3",False,0.05,0.052257845361328104,-0.15296793917480472,-0.20522578453613283,-0.05035504690673831
train,15,8,"2,3",DOWN,DOWN,exploit,-0.04,"3,3",False,0.05,-0.05035504690673831,0.049922272732665994,0.10027731963940431,-0.0002163870870361545
train,15,9,"3,3",UP,UP,exploit,-0.04,"2,3",False,0.05,0.09991363636962888,-0.04019474837833254,-0.14010838474796142,0.029859443995648174
train,15,10,"2,3",DOWN,LEFT,exploit,-1.0,"2,2",True,0.05,-0.0002163870870361545,-1.0,-0.9997836129129638,-0.5001081935435181
train,16,1,"3,0",RIGHT,RIGHT,exploit,-0.04,"3,1",False,0.05,-0.1382361139464798,-0.047049727843749986,0.09118638610272982,-0.09264292089511489
train,16,2,"3,1",RIGHT,RIGHT,exploit,-0.04,"3,2",False,0.05,-0.007833030937499985,0.18043110798828127,0.18826413892578125,0.08629903852539064
train,16,3,"3,2",RIGHT,RIGHT,exploit,-0.04,"3,3",False,0.05,0.2449234533203125,-0.013126500403916642,-0.2580499537242292,0.11589847645819792
train,16,4,"3,3",UP,UP,exploit,-0.04,"2,3",False,0.05,0.029859443995648174,-0.13,-0.15985944399564816,-0.05007027800217591
train,16,5,"2,3",RIGHT,RIGHT,exploit,-0.2,"2,3",False,0.05,-0.1,-0.29000000000000004,-0.19000000000000003,-0.195
train,16,6,"2,3",UP,UP,exploit,-0.04,"1,3",False,0.05,-0.15374999999999994,0.831875,0.985625,0.33906250000000004
train,16,7,"1,3",UP,UP,exploit,1.0,"0,3",True,0.05,0.96875,1.0,0.03125,0.984375
train,17,1,"3,0",LEFT,LEFT,explore,-0.2,"3,0",False,0.05,-0.28525,-0.2833786288056034,0.0018713711943966205,-0.2843143144028017
train,17,2,"3,0",RIGHT,RIGHT,exploit,-0.04,"3,1",False,0.05,-0.09264292089511489,0.03766913467285158,0.13031205556796646,-0.027486893111131658
train,17,3,"3,1",RIGHT,RIGHT,exploit,-0.04,"3,2",False,0.05,0.08629903852539064,0.06430862881237814,-0.0219904097130125,0.07530383366888439
train,17,4,"3,2",RIGHT,RIGHT,exploit,-0.04,"3,3",False,0.05,0.11589847645819792,-0.08506325020195832,-0.20096172666015624,0.015417613128119803
train,17,5,"3,3",UP,LEFT,exploit,-0.04,"3,2",False,0.05,-0.05007027800217591,-0.026124148184692178,0.02394612981748373,-0.03809721309343404
train,17,6,"3,2",RIGHT,RIGHT,exploit,-0.04,"3,3",False,0.05,0.015417613128119803,-0.07428749178409064,-0.08970510491221044,-0.029434939327985417
train,17,7,"3,3",UP,UP,exploit,-0.04,"2,3",False,0.05,-0.03809721309343404,0.2651562500000001,0.30325346309343415,0.11352951845328303
train,17,8,"2,3",UP,UP,exploit,-0.04,"1,3",False,0.05,0.33906250000000004,0.8459375,0.506875,0.5925
train,17,9,"1,3",UP,UP,exploit,1.0,"0,3",True,0.05,0.984375,1.0,0.015625,0.9921875
train,18,1,"3,0",RIGHT,RIGHT,exploit,-0.04,"3,1",False,0.05,-0.027486893111131658,0.027773450301995954,0.05526034341312761,0.0001432785954321482
train,18,2,"3,1",RIGHT,DOWN,explore,-0.2,"3,1",False,0.05,0.07530383366888439,-0.13222654969800407,-0.20753038336688845,-0.02846135801455983
train,18,3,"3,1",RIGHT,RIGHT,exploit,-0.04,"3,2",False,0.05,-0.02846135801455983,-0.06649144539518688,-0.03803008738062705,-0.047476401704873356
train,18,4,"3,2",RIGHT,DOWN,exploit,-0.2,"3,2",False,0.05,-0.029434939327985417,-0.2264914453951869,-0.1970565060672015,-0.12796319236158615
train,18,5,"3,2",RIGHT,UP,exploit,-1.0,"2,2",True,0.05,-0.12796319236158615,-1.0,-0.8720368076384138,-0.563981596180793
train,19,1,"3,0",RIGHT,RIGHT,exploit,-0.04,"3,1",False,0.05,0.0001432785954321482,-0.08272876153438602,-0.08287204012981816,-0.04129274146947694
train,19,2,"3,1",RIGHT,UP,exploit,-0.2,"3,1",False,0.05,-0.047476401704873356,-0.24272876153438602,-0.19525235982951267,-0.1451025816196297
train,19,3,"3,1",RIGHT,RIGHT,exploit,-0.04,"3,2",False,0.05,-0.1451025816196297,-0.21550000000000002,-0.07039741838037034,-0.18030129080981486
train,19,4,"3,2",DOWN,DOWN,exploit,-0.2,"3,2",False,0.05,-0.195,-0.37550000000000006,-0.18050000000000005,-0.28525
train,19,5,"3,2",DOWN,DOWN,exploit,-0.2,"3,2",False,0.05,-0.28525,-0.45672500000000005,-0.17147500000000004,-0.3709875
train,19,6,"3,2",DOWN,DOWN,exploit,-0.2,"3,2",False,0.05,-0.3709875,-0.53388875,-0.16290125,-0.452438125
train,19,7,"3,2",DOWN,LEFT,exploit,-0.04,"3,1",False,0.05,-0.452438125,-0.2022711617288334,0.2501669632711666,-0.3273546433644167
train,19,8,"3,1",RIGHT,RIGHT,exploit,-0.04,"3,2",False,0.05,-0.18030129080981486,-0.33461917902797506,-0.1543178882181602,-0.25746023491889497
train,19,9,"3,2",DOWN,DOWN,exploit,-0.2,"3,2",False,0.05,-0.3273546433644167,-0.4946191790279751,-0.16726453566355837,-0.4109869111961959
train,19,10,"3,2",DOWN,DOWN,exploit,-0.2,"3,2",False,0.05,-0.4109869111961959,-0.5698882200765764,-0.15890130888038045,-0.49043756563638613
train,19,11,"3,2",DOWN,DOWN,exploit,-0.2,"3,2",False,0.05,-0.49043756563638613,-0.6413938090727476,-0.15095624343636144,-0.5659156873545669
train,19,12,"3,2",UP,UP,exploit,-1.0,"2,2",True,0.05,-0.5,-1.0,-0.5,-0.75
train,20,1,"3,0",RIGHT,RIGHT,exploit,-0.04,"3,1",False,0.05,-0.04129274146947694,-0.27171421142700547,-0.23042146995752855,-0.1565034764482412
train,20,2,"3,1",RIGHT,UP,exploit,-0.2,"3,1",False,0.05,-0.25746023491889497,-0.4317142114270055,-0.17425397650811053,-0.3445872231729502
train,20,3,"3,1",LEFT,LEFT,exploit,-0.04,"3,0",False,0.05,-0.2848376744726583,-0.18085312880341708,0.1039845456692412,-0.23284540163803769
train,20,4,"3,0",RIGHT,RIGHT,exploit,-0.04,"3,1",False,0.05,-0.1565034764482412,-0.24956086147423392,-0.09305738502599273,-0.20303216896123755
train,20,5,"3,1",LEFT,DOWN,exploit,-0.2,"3,1",False,0.05,-0.23284540163803769,-0.40956086147423393,-0.17671545983619624,-0.3212031315561358
train,20,6,"3,1",UP,LEFT,exploit,-0.04,"3,0",False,0.05,-0.28525,-0.2227289520651138,0.06252104793488619,-0.2539894760325569
train,20,7,"3,0",RIGHT,RIGHT,exploit,-0.04,"3,1",False,0.05,-0.20303216896123755,-0.2685905284293012,-0.06555835946806365,-0.23581134869526937
train,20,8,"3,1",UP,UP,exploit,-0.2,"3,1",False,0.05,-0.2539894760325569,-0.42859052842930123,-0.17460105239674434,-0.3412900022309291
train,20,9,"3,1",DOWN,DOWN,exploit,-0.2,"3,1",False,0.05,-0.3101138750000001,-0.4791024875000001,-0.16898861250000002,-0.3946081812500001
train,20,10,"3,1",LEFT,UP,exploit,-0.2,"3,1",False,0.05,-0.3212031315561358,-0.4890828184005222,-0.16787968684438642,-0.40514297497832896
train,20,11,"3,1",UP,UP,exploit,-0.2,"3,1",False,0.05,-0.3412900022309291,-0.5071610020078362,-0.1658709997769071,-0.42422550211938265
train,20,12,"3,1",RIGHT,RIGHT,exploit,-0.04,"3,2",False,0.05,-0.3445872231729502,-0.49,-0.14541277682704978,-0.4172936115864751
train,20,13,"3,2",LEFT,LEFT,exploit,-0.04,"3,1",False,0.05,-0.5,-0.39514736312500004,0.10485263687499996,-0.4475736815625
train,20,14,"3,1",DOWN,DOWN,exploit,-0.2,"3,1",False,0.05,-0.3946081812500001,-0.5551473631250001,-0.16053918187500005,-0.4748777721875001
train,20,15,"3,1",LEFT,DOWN,exploit,-0.2,"3,1",False,0.05,-0.40514297497832896,-0.564628677480496,-0.1594857025021671,-0.4848858262294125
train,20,16,"3,1",RIGHT,DOWN,exploit,-0.2,"3,1",False,0.05,-0.4172936115864751,-0.5755642504278276,-0.15827063884135245,-0.49642893100715135
train,20,17,"3,1",UP,UP,exploit,-0.2,"3,1",False,0.05,-0.42422550211938265,-0.5818029519074444,-0.1575774497880617,-0.5030142270134135
train,20,18,"3,1",DOWN,LEFT,exploit,-0.04,"3,0",False,0.05,-0.4748777721875001,-0.2373006497265625,0.2375771224609376,-0.3560892109570313
train,20,19,"3,0",UP,UP,exploit,-0.04,"2,0",False,0.05,-0.219222944140625,-0.18203162218340949,0.0371913219572155,-0.20062728316201722
train,20,20,"2,0",DOWN,DOWN,exploit,-0.04,"3,0",False,0.05,-0.15781291353712162,-0.22056455484581552,-0.0627516413086939,-0.1891887341914686
train,20,21,"3,0",UP,UP,exploit,-0.04,"2,0",False,0.05,-0.20062728316201722,-0.19297048281250004,0.007656800349517184,-0.19679888298725862
train,20,22,"2,0",UP,UP,exploit,-0.04,"1,0",False,0.05,-0.16996720312500002,-0.04975941156249999,0.12020779156250003,-0.10986330734375001
train,20,23,"1,0",UP,LEFT,exploit,-0.2,"1,0",False,0.05,-0.010843790624999985,-0.2097594115625,-0.1989156209375,-0.11030160109374999
train,20,24,"1,0",UP,RIGHT,exploit,-0.2,"1,0",False,0.05,-0.11030160109374999,-0.299271440984375,-0.18896983989062505,-0.20478652103906253
train,20,25,"1,0",RIGHT,DOWN,explore,-0.04,"2,0",False,0.05,-0.195,-0.138876976609375,0.056123023390625,-0.1669384883046875
train,21,1,"3,0",UP,UP,exploit,-0.04,"2,0",False,0.05,-0.19679888298725862,-0.138876976609375,0.05792190637788361,-0.1678379297983168
train,21,2,"2,0",UP,UP,exploit,-0.04,"1,0",False,0.05,-0.10986330734375001,-0.19024463947421877,-0.08038133213046876,-0.15005397340898438
train,21,3,"1,0",RIGHT,DOWN,exploit,-0.04,"2,0",False,0.05,-0.1669384883046875,-0.17504857606808596,-0.008110087763398471,-0.17099353218638674
train,21,4,"2,0",UP,RIGHT,exploit,-0.2,"2,0",False,0.05,-0.15005397340898438,-0.33504857606808597,-0.1849946026591016,-0.24255127473853516
train,21,5,"2,0",DOWN,DOWN,exploit,-0.04,"3,0",False,0.05,-0.1891887341914686,-0.19105413681848513,-0.001865402627016538,-0.19012143550497684
train,21,6,"3,0",UP,UP,exploit,-0.04,"2,0",False,0.05,-0.1678379297983168,-0.21110929195447917,-0.04327136215616237,-0.18947361087639797
train,21,7,"2,0",DOWN,RIGHT,exploit,-0.2,"2,0",False,0.05,-0.19012143550497684,-0.37110929195447917,-0.18098785644950233,-0.280615363729728
train,21,8,"2,0",LEFT,LEFT,exploit,-0.2,"2,0",False,0.05,-0.195,-0.37550000000000006,-0.18050000000000005,-0.28525
train,21,9,"2,0",RIGHT,RIGHT,exploit,-0.2,"2,0",False,0.05,-0.195,-0.37550000000000006,-0.18050000000000005,-0.28525
train,21,10,"2,0",UP,UP,exploit,-0.04,"1,0",False,0.05,-0.24255127473853516,-0.19389417896774808,0.048657095770787084,-0.21822272685314162
train,21,11,"1,0",RIGHT,RIGHT,exploit,-0.2,"1,0",False,0.05,-0.17099353218638674,-0.3538941789677481,-0.18290064678136136,-0.2624438555770674
train,21,12,"1,0",DOWN,DOWN,exploit,-0.04,"2,0",False,0.05,-0.1900125,-0.23640045416782746,-0.046387954167827455,-0.21320647708391371
train,21,13,"2,0",UP,UP,exploit,-0.04,"1,0",False,0.05,-0.21822272685314162,-0.21550000000000002,0.002722726853141594,-0.2168613634265708
train,21,14,"1,0",LEFT,UP,exploit,-0.04,"0,0",False,0.05,-0.195,0.07341206562500002,0.26841206562500003,-0.06079396718749999
train,21,15,"0,0",RIGHT,DOWN,exploit,-0.04,"1,0",False,0.05,0.12601340625000002,-0.09471457046875,-0.22072797671875,0.015649417890625017
train,21,16,"1,0",LEFT,LEFT,exploit,-0.2,"1,0",False,0.05,-0.06079396718749999,-0.25471457046875,-0.19392060328125002,-0.157754268828125
train,21,17,"1,0",LEFT,LEFT,exploit,-0.2,"1,0",False,0.05,-0.157754268828125,-0.3419788419453125,-0.18422457311718748,-0.24986655538671873
train,21,18,"1,0",UP,LEFT,exploit,-0.2,"1,0",False,0.05,-0.20478652103906253,-0.3843078689351563,-0.17952134789609375,-0.2945471949871094
train,21,19,"1,0",DOWN,DOWN,exploit,-0.04,"2,0",False,0.05,-0.21320647708391371,-0.23517522708391375,-0.021968750000000037,-0.22419085208391373
train,21,20,"2,0",UP,RIGHT,exploit,-0.2,"2,0",False,0.05,-0.2168613634265708,-0.3951752270839137,-0.17831386365734292,-0.30601829525524227
train,21,21,"2,0",DOWN,DOWN,exploit,-0.04,"3,0",False,0.05,-0.280615363729728,-0.2105262497887582,0.07008911394096981,-0.2455708067592431
train,21,22,"3,0",UP,UP,exploit,-0.04,"2,0",False,0.05,-0.18947361087639797,-0.2610137260833188,-0.07154011520692083,-0.22524366847985838
train,21,23,"2,0",DOWN,LEFT,exploit,-0.2,"2,0",False,0.05,-0.2455708067592431,-0.4210137260833188,-0.17544291932407569,-0.33329226642128096
train,21,24,"2,0",LEFT,LEFT,exploit,-0.2,"2,0",False,0.05,-0.28525,-0.45672500000000005,-0.17147500000000004,-0.3709875
train,21,25,"2,0",RIGHT,RIGHT,exploit,-0.2,"2,0",False,0.05,-0.28525,-0.45672500000000005,-0.17147500000000004,-0.3709875
train,22,1,"3,0",RIGHT,RIGHT,explore,-0.04,"3,1",False,0.05,-0.23581134869526937,-0.36048028986132813,-0.12466894116605876,-0.29814581927829875
train,22,2,"3,1",DOWN,DOWN,exploit,-0.2,"3,1",False,0.05,-0.3560892109570313,-0.5204802898613281,-0.16439107890429683,-0.4382847504091797
train,22,3,"3,1",DOWN,RIGHT,exploit,-0.04,"3,2",False,0.05,-0.4382847504091797,-0.44281631340625,-0.004531562997070304,-0.44055053190771487
train,22,4,"3,2",LEFT,LEFT,exploit,-0.04,"3,1",False,0.05,-0.4475736815625,-0.4364954787169434,0.011078202845556606,-0.4420345801397217
train,22,5,"3,1",DOWN,DOWN,exploit,-0.2,"3,1",False,0.05,-0.44055053190771487,-0.5964954787169434,-0.15594494680922855,-0.5185230053123291
train,22,6,"3,1",LEFT,LEFT,exploit,-0.04,"3,0",False,0.05,-0.4848858262294125,-0.24271930163187255,0.24216652459753996,-0.36380256393064253
train,22,7,"3,0",UP,UP,exploit,-0.04,"2,0",False,0.05,-0.22524366847985838,-0.31541646572971804,-0.09017279724985966,-0.27033006710478824
train,22,8,"2,0",UP,UP,exploit,-0.04,"1,0",False,0.05,-0.30601829525524227,-0.24177176687552238,0.06424652837971989,-0.2738950310653823
train,22,9,"1,0",DOWN,DOWN,exploit,-0.04,"2,0",False,0.05,-0.22419085208391373,-0.2865055279588441,-0.062314675874930364,-0.25534819002137893
train,22,10,"2,0",UP,UP,exploit,-0.04,"1,0",False,0.05,-0.2738950310653823,-0.26487989984804683,0.009015131217335492,-0.26938746545671455
train,22,11,"1,0",LEFT,LEFT,exploit,-0.2,"1,0",False,0.05,-0.24986655538671873,-0.42487989984804686,-0.17501334446132813,-0.3373732276173828
train,22,12,"1,0",DOWN,DOWN,exploit,-0.04,"2,0",False,0.05,-0.25534819002137893,-0.2824487189110431,-0.02710052888966419,-0.268898454466211
train,22,13,"2,0",UP,UP,exploit,-0.04,"1,0",False,0.05,-0.26938746545671455,-0.2761994700193607,-0.0068120045626461345,-0.2727934677380376
train,22,14,"1,0",RIGHT,RIGHT,exploit,-0.2,"1,0",False,0.05,-0.2624438555770674,-0.43619947001936066,-0.17375561444229326,-0.349321662798214
train,22,15,"1,0",DOWN,DOWN,exploit,-0.04,"2,0",False,0.05,-0.268898454466211,-0.28551412096423384,-0.01661566649802282,-0.27720628771522243
train,22,16,"2,0",UP,UP,exploit,-0.04,"1,0",False,0.05,-0.2727934677380376,-0.2894856589437002,-0.01669219120566262,-0.28113956334086887
train,22,17,"1,0",DOWN,DOWN,exploit,-0.04,"2,0",False,0.05,-0.27720628771522243,-0.293025607006782,-0.015819319291559553,-0.2851159473610022
train,22,18,"2,0",RIGHT,RIGHT,explore,-0.2,"2,0",False,0.05,-0.3709875,-0.453025607006782,-0.08203810700678199,-0.412006553503391
train,22,19,"2,0",UP,UP,exploit,-0.04,"1,0",False,0.05,-0.28113956334086887,-0.296604352624902,-0.01546478928403311,-0.28887195798288545
train,22,20,"1,0",DOWN,DOWN,exploit,-0.04,"2,0",False,0.05,-0.2851159473610022,-0.2999847621845969,-0.0148688148235947,-0.29255035477279956
train,22,21,"2,0",UP,UP,exploit,-0.04,"1,0",False,0.05,-0.28887195798288545,-0.3032953192955196,-0.014423361312634164,-0.2960836386392025
train,22,22,"1,0",DOWN,DOWN,exploit,-0.04,"2,0",False,0.05,-0.29255035477279956,-0.30647527477528225,-0.013924920002482688,-0.2995128147740409
train,22,23,"2,0",UP,UP,exploit,-0.04,"1,0",False,0.05,-0.2960836386392025,-0.30509247548839846,-0.009008836849195956,-0.3005880570638005
train,22,24,"1,0",UP,LEFT,exploit,-0.2,"1,0",False,0.05,-0.2945471949871094,-0.4650924754883985,-0.1705452805012891,-0.379819835237754
train,22,25,"1,0",DOWN,DOWN,exploit,-0.04,"2,0",False,0.05,-0.2995128147740409,-0.31052925135742043,-0.01101643658337953,-0.3050210330657307
train,23,1,"3,0",UP,UP,exploit,-0.04,"2,0",False,0.05,-0.27033006710478824,-0.31052925135742043,-0.04019918425263219,-0.2904296592311043
train,23,2,"2,0",UP,UP,exploit,-0.04,"1,0",False,0.05,-0.3005880570638005,-0.31451892975915763,-0.013930872695357144,-0.3075534934114791
train,23,3,"1,0",DOWN,DOWN,exploit,-0.04,"2,0",False,0.05,-0.3050210330657307,-0.3167981440703312,-0.011777111004600493,-0.31090958856803097
train,23,4,"2,0",UP,UP,exploit,-0.04,"1,0",False,0.05,-0.3075534934114791,-0.3198186297112279,-0.012265136299748791,-0.3136860615613535
train,23,5,"1,0",DOWN,DOWN,exploit,-0.04,"2,0",False,0.05,-0.31090958856803097,-0.3223174554052181,-0.011407866837187142,-0.3166135219866245
train,23,6,"2,0",UP,UP,exploit,-0.04,"1,0",False,0.05,-0.3136860615613535,-0.32495216978796204,-0.011266108226608562,-0.31931911567465776
train,23,7,"1,0",DOWN,DOWN,exploit,-0.04,"2,0",False,0.05,-0.3166135219866245,-0.32738720410719196,-0.010773682120567452,-0.32200036304690827
train,23,8,"2,0",UP,UP,exploit,-0.04,"1,0",False,0.05,-0.31931911567465776,-0.32980032674221743,-0.01048121106755967,-0.32455972120843757
train,23,9,"1,0",DOWN,DOWN,exploit,-0.04,"2,0",False,0.05,-0.32200036304690827,-0.3321037490875938,-0.010103386040685558,-0.3270520560672511
train,23,10,"2,0",UP,UP,exploit,-0.04,"1,0",False,0.05,-0.32455972120843757,-0.334346850460526,-0.009787129252088411,-0.32945328583448175
train,23,11,"1,0",DOWN,DOWN,exploit,-0.04,"2,0",False,0.05,-0.3270520560672511,-0.33650795725103355,-0.009455901183782478,-0.3317800066591423
train,23,12,"2,0",UP,UP,exploit,-0.04,"1,0",False,0.05,-0.32945328583448175,-0.3386020059932281,-0.009148720158746348,-0.3340276459138549
train,23,13,"1,0",DOWN,RIGHT,exploit,-0.2,"1,0",False,0.05,-0.3317800066591423,-0.4986020059932281,-0.1668219993340858,-0.4151910063261852
train,23,14,"1,0",DOWN,DOWN,explore,-0.04,"2,0",False,0.05,-0.4151910063261852,-0.3399630397791529,0.07522796654703234,-0.37757702305266905
train,23,15,"2,0",DOWN,DOWN,exploit,-0.04,"3,0",False,0.05,-0.33329226642128096,-0.2958828829625215,0.03740938345875944,-0.31458757469190124
train,23,16,"3,0",LEFT,UP,exploit,-0.04,"2,0",False,0.05,-0.2843143144028017,-0.3231288172227111,-0.03881450281990939,-0.3037215658127564
train,23,17,"2,0",DOWN,DOWN,exploit,-0.04,"3,0",False,0.05,-0.31458757469190124,-0.296725,0.017862574691901223,-0.30565628734595063
train,23,18,"3,0",DOWN,LEFT,exploit,-0.2,"3,0",False,0.05,-0.28525,-0.45672500000000005,-0.17147500000000004,-0.3709875
train,23,19,"3,0",UP,UP,exploit,-0.04,"2,0",False,0.05,-0.2904296592311043,-0.31509065861135555,-0.024660999380251236,-0.3027601589212299
train,23,20,"2,0",DOWN,DOWN,exploit,-0.04,"3,0",False,0.05,-0.30565628734595063,-0.30833123735046886,-0.0026749500045182284,-0.30699376234820974
train,23,21,"3,0",RIGHT,DOWN,exploit,-0.2,"3,0",False,0.05,-0.29814581927829875,-0.4683312373504689,-0.17018541807217014,-0.3832385283143838
train,23,22,"3,0",UP,UP,exploit,-0.04,"2,0",False,0.05,-0.3027601589212299,-0.3162943861133888,-0.013534227192158854,-0.3095272725173094
train,23,23,"2,0",DOWN,DOWN,exploit,-0.04,"3,0",False,0.05,-0.30699376234820974,-0.31334940923148075,-0.0063556468832710045,-0.31017158578984527
train,23,24,"3,0",LEFT,LEFT,exploit,-0.2,"3,0",False,0.05,-0.3037215658127564,-0.4733494092314808,-0.1696278434187244,-0.3885354875221186
train,23,25,"3,0",UP,RIGHT,exploit,-0.04,"3,1",False,0.05,-0.3095272725173094,-0.36742230753757826,-0.05789503502026888,-0.33847479002744385
train,24,1,"3,0",UP,UP,exploit,-0.04,"2,0",False,0.05,-0.33847479002744385,-0.31915442721086074,0.019320362816583114,-0.3288146086191523
train,24,2,"2,0",RIGHT,RIGHT,explore,-0.2,"2,0",False,0.05,-0.412006553503391,-0.47915442721086077,-0.06714787370746977,-0.4455804903571259
train,24,3,"2,0",DOWN,RIGHT,exploit,-0.2,"2,0",False,0.05,-0.31017158578984527,-0.47915442721086077,-0.1689828414210155,-0.394663006500353
train,24,4,"2,0",UP,UP,exploit,-0.04,"1,0",False,0.05,-0.3340276459138549,-0.3436359048556445,-0.009608258941789571,-0.33883177538474973
train,24,5,"1,0",LEFT,UP,exploit,-0.04,"0,0",False,0.05,-0.3373732276173828,-0.025915523898437487,0.3114577037189453,-0.18164437575791015
train,24,6,"0,0",RIGHT,RIGHT,exploit,-0.04,"0,1",False,0.05,0.015649417890625017,0.3093981529296875,0.29374873503906246,0.16252378541015625
train,24,7,"0,1",RIGHT,DOWN,exploit,-0.2,"0,1",False,0.05,0.38822016992187497,0.14939815292968744,-0.23882201699218752,0.2688091614257812
train,24,8,"0,1",RIGHT,RIGHT,exploit,-0.04,"0,2",False,0.05,0.2688091614257812,0.2725818974023438,0.00377273597656258,0.2706955294140625
train,24,9,"0,2",DOWN,DOWN,exploit,-0.04,"1,2",False,0.05,0.3473132193359375,0.1497144676982422,-0.1975987516376953,0.24851384351708986
train,24,10,"1,2",UP,UP,exploit,-0.04,"0,2",False,0.05,0.2107938529980469,0.18366245916538088,-0.027131393832666023,0.1972281560817139
train,24,11,"0,2",DOWN,DOWN,exploit,-0.04,"1,2",False,0.05,0.24851384351708986,0.13750534047354251,-0.11100850304354734,0.1930095919953162
train,24,12,"1,2",UP,UP,exploit,-0.04,"0,2",False,0.05,0.1972281560817139,0.13370863279578457,-0.06351952328592933,0.16546839443874922
train,24,13,"0,2",DOWN,DOWN,exploit,-0.04,"1,2",False,0.05,0.1930095919953162,0.1089215549948743,-0.0840880370004419,0.15096557349509526
train,24,14,"1,2",UP,UP,exploit,-0.04,"0,2",False,0.05,0.16546839443874922,0.09586901614558574,-0.06959937829316348,0.13066870529216748
train,24,15,"0,2",DOWN,DOWN,exploit,-0.04,"1,2",False,0.05,0.15096557349509526,0.07760183476295074,-0.07336373873214452,0.114283704129023
train,24,16,"1,2",UP,RIGHT,exploit,-0.04,"1,3",False,0.05,0.13066870529216748,0.8529687499999999,0.7223000447078325,0.4918187276460837
train,24,17,"1,3",UP,LEFT,exploit,-0.04,"1,2",False,0.05,0.9921875,0.4026368548814754,-0.5895506451185246,0.6974121774407377
train,24,18,"1,2",UP,UP,exploit,-0.04,"0,2",False,0.05,0.4918187276460837,0.0628553337161207,-0.42896339392996297,0.2773370306811022
train,24,19,"0,2",DOWN,DOWN,exploit,-0.04,"1,2",False,0.05,0.114283704129023,0.209603327612992,0.095319623483969,0.1619435158710075
train,24,20,"1,2",UP,UP,exploit,-0.04,"0,2",False,0.05,0.2773370306811022,0.10574916428390674,-0.17158786639719548,0.19154309748250448
train,24,21,"0,2",DOWN,RIGHT,exploit,1.0,"0,3",True,0.05,0.1619435158710075,1.0,0.8380564841289925,0.5809717579355037
train,25,1,"3,0",UP,UP,exploit,-0.04,"2,0",False,0.05,-0.3288146086191523,-0.34494859784627474,-0.016133989227122447,-0.33688160323271354
train,25,2,"2,0",UP,UP,exploit,-0.04,"1,0",False,0.05,-0.33883177538474973,-0.20347993818211915,0.13535183720263058,-0.27115585678343446
train,25,3,"1,0",RIGHT,RIGHT,explore,-0.2,"1,0",False,0.05,-0.349321662798214,-0.36347993818211916,-0.014158275383905128,-0.3564008004901666
train,25,4,"1,0",LEFT,LEFT,exploit,-0.2,"1,0",False,0.05,-0.18164437575791015,-0.36347993818211916,-0.181835562424209,-0.2725621569700146
train,25,5,"1,0",LEFT,DOWN,exploit,-0.04,"2,0",False,0.05,-0.2725621569700146,-0.284040271105091,-0.011478114135076378,-0.2783012140375528
train,25,6,"2,0",UP,UP,exploit,-0.04,"1,0",False,0.05,-0.27115585678343446,-0.2904710926337975,-0.019315235850363044,-0.28081347470861595
train,25,7,"1,0",LEFT,LEFT,exploit,-0.2,"1,0",False,0.05,-0.2783012140375528,-0.45047109263379753,-0.17216987859624472,-0.36438615333567514
train,25,8,"1,0",RIGHT,RIGHT,exploit,-0.2,"1,0",False,0.05,-0.3564008004901666,-0.52076072044115,-0.16435991995098337,-0.4385807604656583
train,25,9,"1,0",LEFT,LEFT,exploit,-0.2,"1,0",False,0.05,-0.36438615333567514,-0.5279475380021077,-0.16356138466643255,-0.4461668456688914
train,25,10,"1,0",DOWN,LEFT,exploit,-0.2,"1,0",False,0.05,-0.37757702305266905,-0.5398193207474022,-0.1622422976947332,-0.45869817190003564
train,25,11,"1,0",UP,UP,exploit,-0.04,"0,0",False,0.05,-0.379819835237754,0.1062714068691406,0.4860912421068946,-0.13677421418430669
train,25,12,"0,0",RIGHT,RIGHT,exploit,-0.04,"0,1",False,0.05,0.16252378541015625,0.20362597647265623,0.04110219106249999,0.18307488094140623
train,25,13,"0,1",RIGHT,RIGHT,exploit,-0.04,"0,2",False,0.05,0.2706955294140625,0.4828745821419534,0.2121790527278909,0.3767850557780079
train,25,14,"0,2",DOWN,DOWN,exploit,-0.04,"1,2",False,0.05,0.5809717579355037,0.13238878773425403,-0.4485829702012497,0.35668027283487885
train,25,15,"1,2",UP,UP,exploit,-0.04,"0,2",False,0.05,0.19154309748250448,0.281012245551391,0.0894691480688865,0.23627767151694773
train,25,16,"0,2",DOWN,DOWN,exploit,-0.04,"1,2",False,0.05,0.35668027283487885,0.17264990436525296,-0.1840303684696259,0.2646650886000659
train,25,17,"1,2",UP,LEFT,exploit,-0.2,"1,2",False,0.05,0.23627767151694773,0.012649904365252956,-0.22362776715169477,0.12446378794110034
train,25,18,"1,2",UP,UP,exploit,-0.04,"0,2",False,0.05,0.12446378794110034,0.19819857974005928,0.07373479179895893,0.16133118384057982
train,25,19,"0,2",DOWN,DOWN,exploit,-0.04,"1,2",False,0.05,0.2646650886000659,0.10519806545652183,-0.15946702314354405,0.18493157702829385
train,25,20,"1,2",UP,UP,exploit,-0.04,"0,2",False,0.05,0.16133118384057982,0.12643841932546446,-0.03489276451511536,0.14388480158302214
train,25,21,"0,2",DOWN,DOWN,exploit,-0.04,"1,2",False,0.05,0.18493157702829385,0.08949632142471992,-0.09543525560357394,0.13721394922650687
train,25,22,"1,2",UP,UP,exploit,-0.04,"0,2",False,0.05,0.14388480158302214,0.08349255430385619,-0.06039224727916595,0.11368867794343916
train,25,23,"0,2",UP,LEFT,explore,-0.04,"0,1",False,0.05,-0.02,0.29910655020020716,0.3191065502002072,0.1395532751001036
train,25,24,"0,1",RIGHT,RIGHT,exploit,-0.04,"0,2",False,0.05,0.3767850557780079,0.08559794759009323,-0.2911871081879147,0.23119150168405056
train,25,25,"0,2",UP,UP,exploit,-0.2,"0,2",False,0.05,0.1395532751001036,-0.07440205240990677,-0.21395532751001037,0.03257561134509841
train,26,1,"3,0",UP,UP,exploit,-0.04,"2,0",False,0.05,-0.33688160323271354,-0.2927321272377543,0.04414947599495922,-0.31480686523523393
train,26,2,"2,0",UP,RIGHT,exploit,-0.2,"2,0",False,0.05,-0.28081347470861595,-0.45273212723775436,-0.1719186525291384,-0.36677280097318515
train,26,3,"2,0",UP,UP,exploit,-0.04,"1,0",False,0.05,-0.36677280097318515,-0.16309679276587602,0.20367600820730913,-0.2649347968695306
train,26,4,"1,0",UP,UP,exploit,-0.04,"0,0",False,0.05,-0.13677421418430669,0.1247673928472656,0.26154160703157225,-0.006003410668520559
train,26,5,"0,0",RIGHT,RIGHT,exploit,-0.04,"0,1",False,0.05,0.18307488094140623,0.1680723515156455,-0.015002529425760719,0.17557361622852585
train,26,6,"0,1",RIGHT,RIGHT,exploit,-0.04,"0,2",False,0.05,0.23119150168405056,0.08349255430385619,-0.14769894738019437,0.15734202799395336
train,26,7,"0,2",DOWN,DOWN,exploit,-0.04,"1,2",False,0.05,0.13721394922650687,0.062319810149095246,-0.07489413907741163,0.09976687968780105
train,26,8,"1,2",UP,UP,exploit,-0.04,"0,2",False,0.05,0.11368867794343916,0.049790191719020944,-0.06389848622441821,0.08173943483123006
train,26,9,"0,2",DOWN,DOWN,exploit,-0.04,"1,2",False,0.05,0.09976687968780105,0.03356549134810705,-0.066201388339694,0.06666618551795406
train,26,10,"1,2",UP,RIGHT,exploit,-0.04,"1,3",False,0.05,0.08173943483123006,0.5876709596966639,0.5059315248654339,0.334705197263947
train,26,11,"1,3",UP,UP,exploit,1.0,"0,3",True,0.05,0.6974121774407377,1.0,0.3025878225592623,0.8487060887203688
train,27,1,"3,0",UP,LEFT,exploit,-0.2,"3,0",False,0.05,-0.31480686523523393,-0.4833261787117106,-0.16851931347647664,-0.39906652197347225
train,27,2,"3,0",DOWN,DOWN,exploit,-0.2,"3,0",False,0.05,-0.3709875,-0.53388875,-0.16290125,-0.452438125
train,27,3,"3,0",RIGHT,RIGHT,exploit,-0.04,"3,1",False,0.05,-0.3832385283143838,-0.36742230753757826,0.015816220776805556,-0.37533041792598104
train,27,4,"3,1",LEFT,UP,exploit,-0.2,"3,1",False,0.05,-0.36380256393064253,-0.5274223075375783,-0.16361974360693582,-0.44561243573411047
train,27,5,"3,1",LEFT,LEFT,exploit,-0.04,"3,0",False,0.05,-0.44561243573411047,-0.37779737613338293,0.06781505960072753,-0.4117049059337467
train,27,6,"3,0",RIGHT,RIGHT,exploit,-0.04,"3,1",False,0.05,-0.37533041792598104,-0.410534415340372,-0.03520399741439095,-0.3929324166331765
train,27,7,"3,1",LEFT,UP,exploit,-0.2,"3,1",False,0.05,-0.4117049059337467,-0.570534415340372,-0.15882950940662527,-0.49111966063705936
train,27,8,"3,1",LEFT,LEFT,exploit,-0.04,"3,0",False,0.05,-0.49111966063705936,-0.3896819387699067,0.10143772186715266,-0.440400799703483
train,27,9,"3,0",LEFT,LEFT,exploit,-0.2,"3,0",False,0.05,-0.3885354875221186,-0.5496819387699068,-0.1611464512477882,-0.46910871314601266
train,27,10,"3,0",RIGHT,RIGHT,exploit,-0.04,"3,1",False,0.05,-0.3929324166331765,-0.43636071973313467,-0.043428303099958154,-0.4146465681831556
train,27,11,"3,1",LEFT,LEFT,exploit,-0.04,"3,0",False,0.05,-0.440400799703483,-0.399159869776125,0.041240929927358005,-0.41978033473980403
train,27,12,"3,0",UP,UP,exploit,-0.04,"2,0",False,0.05,-0.39906652197347225,-0.27844131718257753,0.12062520479089472,-0.3387539195780249
train,27,13,"2,0",UP,UP,exploit,-0.04,"1,0",False,0.05,-0.2649347968695306,-0.045403069601668504,0.21953172726786208,-0.15516893323559955
train,27,14,"1,0",UP,UP,exploit,-0.04,"0,0",False,0.05,-0.006003410668520559,0.11801625460567328,0.12401966527419384,0.05600642196857636
train,27,15,"0,0",RIGHT,RIGHT,exploit,-0.04,"0,1",False,0.05,0.17557361622852585,0.10160782519455802,-0.07396579103396783,0.13859072071154194
train,27,16,"0,1",RIGHT,RIGHT,exploit,-0.04,"0,2",False,0.05,0.15734202799395336,0.01999956696615865,-0.1373424610277947,0.088670797480056
train,27,17,"0,2",DOWN,DOWN,exploit,-0.04,"1,2",False,0.05,0.06666618551795406,0.2612346775375523,0.19456849201959825,0.16395043152775318
train,27,18,"1,2",UP,UP,exploit,-0.04,"0,2",False,0.05,0.334705197263947,0.10755538837497786,-0.22714980888896913,0.22113029281946242
train,27,19,"0,2",DOWN,LEFT,exploit,-0.04,"0,1",False,0.05,0.16395043152775318,0.0398037177320504,-0.12414671379570277,0.1018770746299018
train,27,20,"0,1",RIGHT,UP,exploit,-0.2,"0,1",False,0.05,0.088670797480056,-0.12019628226794961,-0.2088670797480056,-0.015762742393946802
train,27,21,"0,1",RIGHT,RIGHT,exploit,-0.04,"0,2",False,0.05,-0.015762742393946802,0.051689367166911616,0.06745210956085843,0.01796331238648241
train,27,22,"0,2",DOWN,DOWN,exploit,-0.04,"1,2",False,0.05,0.1018770746299018,0.15901726353751616,0.05714018890761437,0.13044716908370899
train,27,23,"1,2",UP,UP,exploit,-0.04,"0,2",False,0.05,0.22113029281946242,0.07740245217533809,-0.14372784064412433,0.14926637249740027
train,27,24,"0,2",DOWN,LEFT,exploit,-0.04,"0,1",False,0.05,0.13044716908370899,-0.023833018852165832,-0.1542801879358748,0.05330707511577158
train,27,25,"0,1",RIGHT,RIGHT,exploit,-0.04,"0,2",False,0.05,0.01796331238648241,0.007976367604194422,-0.009986944782287989,0.012969839995338416
train,28,1,"3,0",UP,UP,exploit,-0.04,"2,0",False,0.05,-0.3387539195780249,-0.1796520399120396,0.15910187966598532,-0.25920297974503226
train,28,2,"2,0",UP,UP,exploit,-0.04,"1,0",False,0.05,-0.15516893323559955,0.01040577977171872,0.16557471300731827,-0.07238157673194041
train,28,3,"1,0",UP,UP,exploit,-0.04,"0,0",False,0.05,0.05600642196857636,0.08473164864038774,0.028725226671811377,0.07036903530448205
train,28,4,"0,0",LEFT,LEFT,explore,-0.2,"0,0",False,0.05,-0.1,-0.07526835135961227,0.024731648640387738,-0.08763417567980614
train,28,5,"0,0",RIGHT,RIGHT,exploit,-0.04,"0,1",False,0.05,0.13859072071154194,-0.028327144004195427,-0.16691786471573736,0.05513178835367326
train,28,6,"0,1",RIGHT,DOWN,exploit,-0.2,"0,1",False,0.05,0.012969839995338416,-0.18832714400419542,-0.20129698399953383,-0.0876786520044285
train,28,7,"0,1",RIGHT,UP,exploit,-0.2,"0,1",False,0.05,-0.0876786520044285,-0.2789107868039857,-0.1912321347995572,-0.1832947194042071
train,28,8,"0,1",UP,UP,exploit,-0.2,"0,1",False,0.05,-0.1,-0.29000000000000004,-0.19000000000000003,-0.195
train,28,9,"0,1",LEFT,LEFT,exploit,-0.04,"0,0",False,0.05,-0.1,0.009618609518305933,0.10961860951830593,-0.04519069524084704
train,28,10,"0,0",RIGHT,RIGHT,exploit,-0.04,"0,1",False,0.05,0.05513178835367326,-0.08067162571676234,-0.1358034140704356,-0.012769918681544548
train,28,11,"0,1",LEFT,LEFT,exploit,-0.04,"0,0",False,0.05,-0.04519069524084704,-0.05149292681339009,-0.006302231572543053,-0.04834181102711857
train,28,12,"0,0",RIGHT,RIGHT,exploit,-0.04,"0,1",False,0.05,-0.012769918681544548,-0.08350762992440672,-0.07073771124286217,-0.04813877430297563
train,28,13,"0,1",LEFT,LEFT,exploit,-0.04,"0,0",False,0.05,-0.04834181102711857,-0.08332489687267808,-0.03498308584555951,-0.06583335394989832
train,28,14,"0,0",RIGHT,RIGHT,exploit,-0.04,"0,1",False,0.05,-0.04813877430297563,-0.0992500185549085,-0.05111124425193287,-0.07369439642894207
train,28,15,"0,1",LEFT,LEFT,explore,-0.04,"0,0",False,0.05,-0.06583335394989832,-0.09019750000000001,-0.02436414605010169,-0.07801542697494918
train,28,16,"0,0",DOWN,DOWN,exploit,-0.04,"1,0",False,0.05,-0.055775000000000005,0.02333213177403385,0.07910713177403386,-0.016221434112983074
train,28,17,"1,0",UP,UP,exploit,-0.04,"0,0",False,0.05,0.07036903530448205,-0.05459929070168477,-0.12496832600616681,0.007884872301398643
train,28,18,"0,0",DOWN,RIGHT,exploit,-0.04,"0,1",False,0.05,-0.016221434112983074,-0.11021388427745427,-0.09399245016447119,-0.06321765919521867
train,28,19,"0,1",LEFT,LEFT,exploit,-0.04,"0,0",False,0.05,-0.07801542697494918,-0.09689589327569681,-0.018880466300747634,-0.08745566012532299
train,28,20,"0,0",DOWN,DOWN,exploit,-0.04,"1,0",False,0.05,-0.06321765919521867,-0.03290361492874122,0.03031404426647745,-0.048060637061979945
train,28,21,"1,0",DOWN,DOWN,explore,-0.04,"2,0",False,0.05,-0.45869817190003564,-0.10514341905874638,0.35355475284128923,-0.28192079547939103
train,28,22,"2,0",UP,RIGHT,exploit,-0.2,"2,0",False,0.05,-0.07238157673194041,-0.2651434190587464,-0.192761842326806,-0.16876249789534342
train,28,23,"2,0",UP,UP,exploit,-0.04,"1,0",False,0.05,-0.16876249789534342,-0.03290361492874122,0.1358588829666022,-0.10083305641204232
train,28,24,"1,0",UP,UP,exploit,-0.04,"0,0",False,0.05,0.007884872301398643,-0.08325457335578196,-0.0911394456571806,-0.03768485052719166
train,28,25,"0,0",DOWN,LEFT,exploit,-0.2,"0,0",False,0.05,-0.048060637061979945,-0.24325457335578196,-0.19519393629380202,-0.14565760520888096
train,29,1,"3,0",UP,UP,exploit,-0.04,"2,0",False,0.05,-0.25920297974503226,-0.13074975077083809,0.12845322897419417,-0.19497636525793516
train,29,2,"2,0",UP,UP,exploit,-0.04,"1,0",False,0.05,-0.10083305641204232,-0.0739163654744725,0.02691669093756982,-0.08737471094325741
train,29,3,"1,0",UP,UP,exploit,-0.04,"0,0",False,0.05,-0.03768485052719166,-0.10632495678604786,-0.0686401062588562,-0.07200490365661977
train,29,4,"0,0",RIGHT,RIGHT,exploit,-0.04,"0,1",False,0.05,-0.07369439642894207,-0.11871009411279071,-0.04501569768384864,-0.09620224527086639
train,29,5,"0,1",LEFT,LEFT,exploit,-0.04,"0,0",False,0.05,-0.08745566012532299,-0.11887075811182551,-0.03141509798650252,-0.10316320911857425
train,29,6,"0,0",LEFT,LEFT,exploit,-0.2,"0,0",False,0.05,-0.08763417567980614,-0.27887075811182555,-0.1912365824320194,-0.18325246689581584
train,29,7,"0,0",RIGHT,RIGHT,exploit,-0.04,"0,1",False,0.05,-0.09620224527086639,-0.13284688820671683,-0.036644642935850444,-0.1145245667387916
train,29,8,"0,1",LEFT,LEFT,exploit,-0.04,"0,0",False,0.05,-0.10316320911857425,-0.14307211006491244,-0.039908900946338186,-0.12311765959174334
train,29,9,"0,0",RIGHT,RIGHT,exploit,-0.04,"0,1",False,0.05,-0.1145245667387916,-0.14710000000000004,-0.03257543326120843,-0.13081228336939582
train,29,10,"0,1",DOWN,DOWN,exploit,-0.2,"0,1",False,0.05,-0.11900000000000002,-0.30710000000000004,-0.18810000000000002,-0.21305000000000002
train,29,11,"0,1",LEFT,LEFT,exploit,-0.04,"0,0",False,0.05,-0.12311765959174334,-0.14710000000000004,-0.023982340408256697,-0.1351088297958717
train,29,12,"0,0",UP,UP,exploit,-0.2,"0,0",False,0.05,-0.11900000000000002,-0.30710000000000004,-0.18810000000000002,-0.21305000000000002
train,29,13,"0,0",RIGHT,UP,exploit,-0.2,"0,0",False,0.05,-0.13081228336939582,-0.31773105503245624,-0.18691877166306042,-0.22427166920092603
train,29,14,"0,0",DOWN,DOWN,exploit,-0.04,"1,0",False,0.05,-0.14565760520888096,-0.1048044132909578,0.040853191917923165,-0.12523100924991937
train,29,15,"1,0",UP,UP,exploit,-0.04,"0,0",False,0.05,-0.07200490365661977,-0.15270790832492742,-0.08070300466830765,-0.1123564059907736
train,29,16,"0,0",DOWN,DOWN,exploit,-0.04,"1,0",False,0.05,-0.12523100924991937,-0.14112076539169624,-0.015889756141776873,-0.13317588732080782
train,29,17,"1,0",UP,UP,exploit,-0.04,"0,0",False,0.05,-0.1123564059907736,-0.15985829858872705,-0.047501892597953455,-0.13610735228975032
train,29,18,"0,0",DOWN,DOWN,exploit,-0.04,"1,0",False,0.05,-0.13317588732080782,-0.16249661706077528,-0.029320729739967466,-0.14783625219079155
train,29,19,"1,0",UP,UP,exploit,-0.04,"0,0",False,0.05,-0.13610735228975032,-0.17305262697171242,-0.0369452746819621,-0.15457998963073138
train,29,20,"0,0",DOWN,DOWN,exploit,-0.04,"1,0",False,0.05,-0.14783625219079155,-0.17912199066765827,-0.03128573847686672,-0.1634791214292249
train,29,21,"1,0",UP,UP,exploit,-0.04,"0,0",False,0.05,-0.15457998963073138,-0.18713120928630242,-0.032551219655571034,-0.17085559945851692
train,29,22,"0,0",DOWN,DOWN,exploit,-0.04,"1,0",False,0.05,-0.1634791214292249,-0.19377003951266525,-0.030290918083440338,-0.1786245804709451
train,29,23,"1,0",UP,RIGHT,exploit,-0.2,"1,0",False,0.05,-0.17085559945851692,-0.3537700395126653,-0.18291444005414836,-0.2623128194855911
train,29,24,"1,0",UP,UP,exploit,-0.04,"0,0",False,0.05,-0.2623128194855911,-0.2007621224238506,0.06155069706174049,-0.23153747095472085
train,29,25,"0,0",DOWN,DOWN,exploit,-0.04,"1,0",False,0.05,-0.1786245804709451,-0.24838372385924878,-0.06975914338830369,-0.21350415216509694
train,30,1,"3,0",UP,UP,exploit,-0.04,"2,0",False,0.05,-0.19497636525793516,-0.11863723984893168,0.07633912540900348,-0.15680680255343343
train,30,2,"2,0",UP,RIGHT,exploit,-0.2,"2,0",False,0.05,-0.08737471094325741,-0.2786372398489317,-0.19126252890567427,-0.18300597539609453
train,30,3,"2,0",UP,RIGHT,exploit,-0.2,"2,0",False,0.05,-0.18300597539609453,-0.3647053778564851,-0.18169940246039057,-0.27385567662628985
train,30,4,"2,0",UP,UP,exploit,-0.04,"1,0",False,0.05,-0.27385567662628985,-0.24838372385924878,0.02547195276704106,-0.2611197002427693
train,30,5,"1,0",DOWN,LEFT,explore,-0.2,"1,0",False,0.05,-0.28192079547939103,-0.4083837238592488,-0.1264629283798578,-0.34515225966931995
train,30,6,"1,0",UP,UP,exploit,-0.04,"0,0",False,0.05,-0.23153747095472085,-0.20492722020623427,0.02661025074848658,-0.21823234558047755
train,30,7,"0,0",LEFT,LEFT,exploit,-0.2,"0,0",False,0.05,-0.18325246689581584,-0.36492722020623425,-0.1816747533104184,-0.27408984355102506
train,30,8,"0,0",UP,UP,exploit,-0.2,"0,0",False,0.05,-0.21305000000000002,-0.391745,-0.178695,-0.3023975
train,30,9,"0,0",DOWN,DOWN,exploit,-0.04,"1,0",False,0.05,-0.21350415216509694,-0.2364091110224298,-0.022904958857332874,-0.2249566315937634
train,30,10,"1,0",UP,UP,exploit,-0.04,"0,0",False,0.05,-0.21823234558047755,-0.24184450228083343,-0.02361215670035588,-0.2300384239306555
train,30,11,"0,0",RIGHT,RIGHT,exploit,-0.04,"0,1",False,0.05,-0.22427166920092603,-0.16159794681628453,0.0626737223846415,-0.1929348080086053
train,30,12,"0,1",LEFT,LEFT,exploit,-0.04,"0,0",False,0.05,-0.1351088297958717,-0.21364132720774479,-0.0785324974118731,-0.17437507850180822
train,30,13,"0,0",RIGHT,RIGHT,exploit,-0.04,"0,1",False,0.05,-0.1929348080086053,-0.19693757065162742,-0.004002762643022129,-0.19493618933011636
train,30,14,"0,1",LEFT,LEFT,exploit,-0.04,"0,0",False,0.05,-0.17437507850180822,-0.21544257039710474,-0.041067491895296515,-0.19490882444945648
train,30,15,"0,0",RIGHT,DOWN,exploit,-0.04,"1,0",False,0.05,-0.19493618933011636,-0.24703458153758995,-0.05209839220747359,-0.22098538543385315
train,30,16,"1,0",UP,UP,exploit,-0.04,"0,0",False,0.05,-0.2300384239306555,-0.23888684689046785,-0.008848422959812363,-0.23446263541056167
train,30,17,"0,0",RIGHT,RIGHT,exploit,-0.04,"0,1",False,0.05,-0.22098538543385315,-0.20496524746378642,0.01602013797006674,-0.21297531644881978
train,30,18,"0,1",RIGHT,RIGHT,exploit,-0.04,"0,2",False,0.05,-0.1832947194042071,0.007976367604194422,0.19127108700840154,-0.08765917590000634
train,30,19,"0,2",DOWN,DOWN,exploit,-0.04,"1,2",False,0.05,0.05330707511577158,0.09433973524766023,0.04103266013188865,0.0738234051817159
train,30,20,"1,2",UP,UP,exploit,-0.04,"0,2",False,0.05,0.14926637249740027,0.02644106466354431,-0.12282530783385595,0.08785371858047229
train,30,21,"0,2",DOWN,DOWN,exploit,-0.04,"1,2",False,0.05,0.0738234051817159,0.03906834672242506,-0.03475505845929084,0.056445875952070484
train,30,22,"1,2",UP,UP,exploit,-0.04,"0,2",False,0.05,0.08785371858047229,0.010801288356863434,-0.07705243022360886,0.04932750346866786
train,30,23,"0,2",DOWN,DOWN,exploit,-0.04,"1,2",False,0.05,0.056445875952070484,0.004394753121801077,-0.05205112283026941,0.03042031453693578
train,30,24,"1,2",UP,UP,exploit,-0.04,"0,2",False,0.05,0.04932750346866786,-0.010681949789411428,-0.06000945325807929,0.019322776839628217
train,30,25,"0,2",UP,UP,exploit,-0.2,"0,2",False,0.05,0.03257561134509841,-0.17068194978941142,-0.20325756113450982,-0.0690531692221565
train,31,1,"3,0",UP,UP,exploit,-0.04,"2,0",False,0.05,-0.15680680255343343,-0.2750077302184924,-0.11820092766505896,-0.21590726638596291
train,31,2,"2,0",LEFT,LEFT,explore,-0.2,"2,0",False,0.05,-0.3709875,-0.43500773021849237,-0.06402023021849235,-0.4029976151092462
train,31,3,"2,0",UP,UP,exploit,-0.04,"1,0",False,0.05,-0.2611197002427693,-0.2510163718695055,0.010103328373263831,-0.25606803605613737
train,31,4,"1,0",UP,UP,exploit,-0.04,"0,0",False,0.05,-0.23446263541056167,-0.23167778480393783,0.00278485060662384,-0.23307021010724976
train,31,5,"0,0",RIGHT,RIGHT,exploit,-0.04,"0,1",False,0.05,-0.21297531644881978,-0.11889325831000572,0.09408205813881407,-0.16593428737941274
train,31,6,"0,1",RIGHT,RIGHT,exploit,-0.04,"0,2",False,0.05,-0.08765917590000634,-0.012621716916757796,0.07503745898324854,-0.05014044640838207
train,31,7,"0,2",DOWN,DOWN,exploit,-0.04,"1,2",False,0.05,0.03042031453693578,-0.022609500844334603,-0.053029815381270384,0.003905406846300589
train,31,8,"1,2",UP,RIGHT,exploit,-0.04,"1,3",False,0.05,0.019322776839628217,0.7238354798483319,0.7045127030087036,0.37157912834398005
train,31,9,"1,3",UP,UP,exploit,1.0,"0,3",True,0.05,0.8487060887203688,1.0,0.1512939112796312,0.9243530443601844
train,32,1,"3,0",UP,UP,exploit,-0.04,"2,0",False,0.05,-0.21590726638596291,-0.2704612324505236,-0.0545539660645607,-0.24318424941824326
train,32,2,"2,0",LEFT,LEFT,explore,-0.2,"2,0",False,0.05,-0.4029976151092462,-0.43046123245052365,-0.027463617341277446,-0.4167294237798849
train,32,3,"2,0",UP,UP,exploit,-0.04,"1,0",False,0.05,-0.25606803605613737,-0.2497631890965248,0.006304846959612559,-0.2529156125763311
train,32,4,"1,0",UP,UP,exploit,-0.04,"0,0",False,0.05,-0.23307021010724976,-0.1893408586414715,0.04372935146577828,-0.21120553437436063
train,32,5,"0,0",RIGHT,RIGHT,exploit,-0.04,"0,1",False,0.05,-0.16593428737941274,-0.08512640176754387,0.08080788561186887,-0.1255303445734783
train,32,6,"0,1",RIGHT,RIGHT,exploit,-0.04,"0,2",False,0.05,-0.05014044640838207,-0.03648513383832947,0.013655312570052598,-0.043312790123355774
train,32,7,"0,2",DOWN,DOWN,exploit,-0.04,"1,2",False,0.05,0.003905406846300589,0.29442121550958206,0.29051580866328147,0.14916331117794132
train,32,8,"1,2",UP,RIGHT,exploit,-0.04,"1,3",False,0.05,0.37157912834398005,0.7919177399241659,0.4203386115801859,0.581748434134073
train,32,9,"1,3",UP,UP,exploit,1.0,"0,3",True,0.05,0.9243530443601844,1.0,0.0756469556398156,0.9621765221800922
train,33,1,"3,0",UP,UP,explore,-0.04,"2,0",False,0.05,-0.24318424941824326,-0.267624051318698,-0.024439801900454722,-0.25540415036847064
train,33,2,"2,0",UP,UP,exploit,-0.04,"1,0",False,0.05,-0.2529156125763311,-0.2300849809369246,0.022830631639406518,-0.24150029675662785
train,33,3,"1,0",UP,UP,exploit,-0.04,"0,0",False,0.05,-0.21120553437436063,-0.15297731011613047,0.058228224258230155,-0.18209142224524555
train,33,4,"0,0",RIGHT,DOWN,exploit,-0.04,"1,0",False,0.05,-0.1255303445734783,-0.203882280020721,-0.0783519354472427,-0.16470631229709964
train,33,5,"1,0",UP,UP,exploit,-0.04,"0,0",False,0.05,-0.18209142224524555,-0.1882356810673897,-0.006144258822144144,-0.18516355165631762
train,33,6,"0,0",RIGHT,RIGHT,exploit,-0.04,"0,1",False,0.05,-0.16470631229709964,-0.0789815111110202,0.08572480118607945,-0.12184391170405992
train,33,7,"0,1",RIGHT,UP,exploit,-0.2,"0,1",False,0.05,-0.043312790123355774,-0.2389815111110202,-0.1956687209876644,-0.14114715061718797
train,33,8,"0,1",RIGHT,DOWN,exploit,-0.2,"0,1",False,0.05,-0.14114715061718797,-0.3270324355554692,-0.18588528493828121,-0.23408979308632857
train,33,9,"0,1",LEFT,LEFT,exploit,-0.04,"0,0",False,0.05,-0.19490882444945648,-0.14965952053365394,0.045249303915802536,-0.1722841724915552
train,33,10,"0,0",LEFT,LEFT,explore,-0.2,"0,0",False,0.05,-0.27408984355102506,-0.309659520533654,-0.03556967698262892,-0.2918746820423395
train,33,11,"0,0",RIGHT,RIGHT,exploit,-0.04,"0,1",False,0.05,-0.12184391170405992,-0.19505575524239968,-0.07321184353833976,-0.1584498334732298
train,33,12,"0,1",LEFT,LEFT,exploit,-0.04,"0,0",False,0.05,-0.1722841724915552,-0.18260485012590683,-0.010320677634351627,-0.177444511308731
train,33,13,"0,0",RIGHT,UP,exploit,-0.2,"0,0",False,0.05,-0.1584498334732298,-0.3426048501259068,-0.184155016652677,-0.2505273417995683
train,33,14,"0,0",DOWN,DOWN,exploit,-0.04,"1,0",False,0.05,-0.2249566315937634,-0.20664719649068586,0.01830943510307753,-0.21580191404222462
train,33,15,"1,0",UP,LEFT,exploit,-0.2,"1,0",False,0.05,-0.18516355165631762,-0.3666471964906859,-0.18148364483436827,-0.27590537407350174
train,33,16,"1,0",DOWN,RIGHT,explore,-0.2,"1,0",False,0.05,-0.34515225966931995,-0.4483148366661516,-0.10316257699683162,-0.39673354816773576
train,33,17,"1,0",UP,UP,exploit,-0.04,"0,0",False,0.05,-0.27590537407350174,-0.23422172263800217,0.04168365143549957,-0.25506354835575196
train,33,18,"0,0",DOWN,DOWN,exploit,-0.04,"1,0",False,0.05,-0.21580191404222462,-0.26955719352017676,-0.05375527947795214,-0.2426795537812007
train,33,19,"1,0",UP,UP,exploit,-0.04,"0,0",False,0.05,-0.25506354835575196,-0.25841159840308064,-0.003348050047328688,-0.2567375733794163
train,33,20,"0,0",DOWN,DOWN,exploit,-0.04,"1,0",False,0.05,-0.2426795537812007,-0.27106381604147467,-0.028384262260273962,-0.2568716849113377
train,33,21,"1,0",UP,UP,exploit,-0.04,"0,0",False,0.05,-0.2567375733794163,-0.2654746076196115,-0.00873703424019523,-0.2611060904995139
train,33,22,"0,0",RIGHT,RIGHT,exploit,-0.04,"0,1",False,0.05,-0.2505273417995683,-0.19970006017785794,0.05082728162171038,-0.22511370098871314
train,33,23,"0,1",LEFT,LEFT,exploit,-0.04,"0,0",False,0.05,-0.177444511308731,-0.24260233088984184,-0.06515781958111083,-0.21002342109928643
train,33,24,"0,0",RIGHT,DOWN,exploit,-0.04,"1,0",False,0.05,-0.22511370098871314,-0.2749954814495625,-0.049881780460849345,-0.2500545912191378
train,33,25,"1,0",UP,UP,exploit,-0.04,"0,0",False,0.05,-0.2611060904995139,-0.265049132097224,-0.00394304159771014,-0.26307761129836893
train,34,1,"3,0",UP,UP,exploit,-0.04,"2,0",False,0.05,-0.25540415036847064,-0.25735026708096503,-0.0019461167124943946,-0.2563772087247178
train,34,2,"2,0",UP,UP,exploit,-0.04,"1,0",False,0.05,-0.24150029675662785,-0.27676985016853206,-0.035269553411904214,-0.25913507346257997
train,34,3,"1,0",UP,UP,exploit,-0.04,"0,0",False,0.05,-0.26307761129836893,-0.265049132097224,-0.0019715207988550976,-0.2640633716977965
train,34,4,"0,0",RIGHT,DOWN,exploit,-0.04,"1,0",False,0.05,-0.2500545912191378,-0.2776570345280168,-0.02760244330887901,-0.2638558128735773
train,34,5,"1,0",UP,UP,exploit,-0.04,"0,0",False,0.05,-0.2640633716977965,-0.27118451642020397,-0.007121144722407491,-0.26762394405900025
train,34,6,"0,0",DOWN,DOWN,exploit,-0.04,"1,0",False,0.05,-0.2568716849113377,-0.28086154965310023,-0.023989864741762512,-0.26886661728221894
train,34,7,"1,0",UP,UP,exploit,-0.04,"0,0",False,0.05,-0.26762394405900025,-0.2774702315862196,-0.009846287527219333,-0.27254708782260995
train,34,8,"0,0",RIGHT,RIGHT,exploit,-0.04,"0,1",False,0.05,-0.2638558128735773,-0.21550000000000002,0.048355812873577264,-0.23967790643678866
train,34,9,"0,1",UP,UP,exploit,-0.2,"0,1",False,0.05,-0.195,-0.37550000000000006,-0.18050000000000005,-0.28525
train,34,10,"0,1",LEFT,LEFT,exploit,-0.04,"0,0",False,0.05,-0.21002342109928643,-0.2557101157931098,-0.04568669469382339,-0.23286676844619814
train,34,11,"0,0",RIGHT,RIGHT,exploit,-0.04,"0,1",False,0.05,-0.23967790643678866,-0.23174500000000003,0.007932906436788623,-0.23571145321839435
train,34,12,"0,1",DOWN,DOWN,exploit,-0.2,"0,1",False,0.05,-0.21305000000000002,-0.391745,-0.178695,-0.3023975
train,34,13,"0,1",LEFT,LEFT,exploit,-0.04,"0,0",False,0.05,-0.23286676844619814,-0.2521403078965549,-0.019273539450356758,-0.24250353817137651
train,34,14,"0,0",RIGHT,RIGHT,exploit,-0.04,"0,1",False,0.05,-0.23571145321839435,-0.2506808137776957,-0.014969360559301342,-0.24319613349804503
train,34,15,"0,1",RIGHT,RIGHT,exploit,-0.04,"0,2",False,0.05,-0.23408979308632857,0.09424698006014717,0.32833677314647575,-0.0699214065130907
train,34,16,"0,2",DOWN,DOWN,exploit,-0.04,"1,2",False,0.05,0.14916331117794132,0.4835735907206657,0.3344102795427244,0.31636845094930355
train,34,17,"1,2",UP,LEFT,exploit,-0.2,"1,2",False,0.05,0.581748434134073,0.32357359072066566,-0.2581748434134073,0.45266101242736934
train,34,18,"1,2",UP,UP,exploit,-0.04,"0,2",False,0.05,0.45266101242736934,0.24473160585437317,-0.20792940657299616,0.34869630914087124
train,34,19,"0,2",DOWN,DOWN,exploit,-0.04,"1,2",False,0.05,0.31636845094930355,0.27382667822678414,-0.04254177272251941,0.2950975645880438
train,34,20,"1,2",UP,UP,exploit,-0.04,"0,2",False,0.05,0.34869630914087124,0.22558780812923943,-0.12310850101163182,0.2871420586350553
train,34,21,"0,2",DOWN,DOWN,exploit,-0.04,"1,2",False,0.05,0.2950975645880438,0.21842785277154977,-0.07666971181649404,0.2567627086797968
train,34,22,"1,2",UP,LEFT,exploit,-0.2,"1,2",False,0.05,0.2871420586350553,0.05842785277154977,-0.22871420586350555,0.17278495570330255
train,34,23,"1,2",UP,UP,exploit,-0.04,"0,2",False,0.05,0.17278495570330255,0.1910864378118171,0.018301482108514566,0.18193569675755983
train,34,24,"0,2",DOWN,DOWN,exploit,-0.04,"1,2",False,0.05,0.2567627086797968,0.12374212708180385,-0.13302058159799293,0.19025241788080033
train,34,25,"1,2",DOWN,DOWN,explore,-1.0,"2,2",True,0.05,0.0,-1.0,-1.0,-0.5
train,35,1,"3,0",UP,UP,exploit,-0.04,"2,0",False,0.05,-0.2563772087247178,-0.273221566116322,-0.01684435739160417,-0.2647993874205199
train,35,2,"2,0",UP,RIGHT,exploit,-0.2,"2,0",False,0.05,-0.25913507346257997,-0.433221566116322,-0.17408649265374204,-0.346178319789451
train,35,3,"2,0",UP,UP,exploit,-0.04,"1,0",False,0.05,-0.346178319789451,-0.28529237904034893,0.060885940749102085,-0.3157353494149
train,35,4,"1,0",UP,UP,exploit,-0.04,"0,0",False,0.05,-0.27254708782260995,-0.25887652014824053,0.013670567674369416,-0.26571180398542527
train,35,5,"0,0",RIGHT,RIGHT,exploit,-0.04,"0,1",False,0.05,-0.24319613349804503,-0.10292926586178164,0.1402668676362634,-0.17306269967991333
train,35,6,"0,1",RIGHT,RIGHT,exploit,-0.04,"0,2",False,0.05,-0.0699214065130907,0.1312271760927203,0.201148582605811,0.030652884789814802
train,35,7,"0,2",DOWN,DOWN,exploit,-0.04,"1,2",False,0.05,0.19025241788080033,0.12374212708180385,-0.06651029079899648,0.15699727248130207
train,35,8,"1,2",UP,UP,explore,-0.04,"0,2",False,0.05,0.18193569675755983,0.10129754523317186,-0.08063815152438797,0.14161662099536584
train,35,9,"0,2",DOWN,DOWN,exploit,-0.04,"1,2",False,0.05,0.15699727248130207,0.08745495889582924,-0.06954231358547283,0.12222611568856566
train,35,10,"1,2",UP,LEFT,exploit,-0.2,"1,2",False,0.05,0.14161662099536584,-0.07254504110417076,-0.2141616620995366,0.03453578994559754
train,35,11,"1,2",UP,UP,exploit,-0.04,"0,2",False,0.05,0.03453578994559754,0.0700035041197091,0.035467714174111556,0.05226964703265332
train,35,12,"0,2",DOWN,DOWN,exploit,-0.04,"1,2",False,0.05,0.12222611568856566,0.007042682329387991,-0.11518343335917766,0.06463439900897683
train,35,13,"1,2",UP,RIGHT,exploit,-0.04,"1,3",False,0.05,0.05226964703265332,0.825958869962083,0.7736892229294297,0.4391142584973681
train,35,14,"1,3",UP,UP,exploit,1.0,"0,3",True,0.05,0.9621765221800922,1.0,0.0378234778199078,0.9810882610900461
train,36,1,"3,0",UP,UP,exploit,-0.04,"2,0",False,0.05,-0.2647993874205199,-0.32416181447340997,-0.05936242705289008,-0.29448060094696493
train,36,2,"2,0",UP,UP,exploit,-0.04,"1,0",False,0.05,-0.3157353494149,-0.27914062358688274,0.03659472582801726,-0.29743798650089137
train,36,3,"1,0",UP,LEFT,exploit,-0.2,"1,0",False,0.05,-0.26571180398542527,-0.4391406235868828,-0.1734288196014575,-0.352426213786154
train,36,4,"1,0",UP,UP,exploit,-0.04,"0,0",False,0.05,-0.352426213786154,-0.195756429711922,0.15666978407423202,-0.274091321749038
train,36,5,"0,0",RIGHT,RIGHT,exploit,-0.04,"0,1",False,0.05,-0.17306269967991333,-0.012412403689166678,0.16065029599074665,-0.09273755168454001
train,36,6,"0,1",RIGHT,DOWN,exploit,-0.2,"0,1",False,0.05,0.030652884789814802,-0.1724124036891667,-0.20306528847898148,-0.07087975944967594
train,36,7,"0,1",RIGHT,UP,exploit,-0.2,"0,1",False,0.05,-0.07087975944967594,-0.26379178350470833,-0.19291202405503238,-0.16733577147719214
train,36,8,"0,1",RIGHT,RIGHT,exploit,-0.04,"0,2",False,0.05,-0.16733577147719214,0.018170959108079143,0.18550673058527128,-0.0745824061845565
train,36,9,"0,2",DOWN,DOWN,exploit,-0.04,"1,2",False,0.05,0.06463439900897683,0.35520283264763136,0.29056843363865453,0.2099186158283041
train,36,10,"1,2",UP,UP,exploit,-0.04,"0,2",False,0.05,0.4391142584973681,0.1489267542454737,-0.29018750425189443,0.2940205063714209
train,36,11,"0,2",DOWN,DOWN,exploit,-0.04,"1,2",False,0.05,0.2099186158283041,0.22461845573427883,0.014699839905974732,0.21726853578129146
train,36,12,"1,2",UP,UP,exploit,-0.04,"0,2",False,0.05,0.2940205063714209,0.1555416822031623,-0.1384788241682586,0.2247810942872916
train,36,13,"0,2",DOWN,DOWN,exploit,-0.04,"1,2",False,0.05,0.21726853578129146,0.16230298485856243,-0.054965550922729034,0.18978576031992694
train,36,14,"1,2",UP,UP,exploit,-0.04,"0,2",False,0.05,0.2247810942872916,0.13080718428793425,-0.09397390999935734,0.17779413928761292
train,36,15,"0,2",DOWN,DOWN,exploit,-0.04,"1,2",False,0.05,0.18978576031992694,0.12001472535885163,-0.06977103496107531,0.1549002428393893
train,36,16,"1,2",UP,UP,exploit,-0.04,"0,2",False,0.05,0.17779413928761292,0.09941021855545037,-0.07838392073216255,0.13860217892153165
train,36,17,"0,2",DOWN,DOWN,exploit,-0.04,"1,2",False,0.05,0.1549002428393893,0.08474196102937848,-0.07015828181001083,0.11982110193438389
train,36,18,"1,2",UP,UP,exploit,-0.04,"0,2",False,0.05,0.13860217892153165,0.06783899174094551,-0.07076318718058613,0.10322058533123858
train,36,19,"0,2",DOWN,DOWN,exploit,-0.04,"1,2",False,0.05,0.11982110193438389,0.05289852679811472,-0.06692257513626917,0.0863598143662493
train,36,20,"1,2",UP,UP,exploit,-0.04,"0,2",False,0.05,0.10322058533123858,0.03772383292962437,-0.0654967524016142,0.07047220913043148
train,36,21,"0,2",DOWN,DOWN,exploit,-0.04,"1,2",False,0.05,0.0863598143662493,0.02342498821738833,-0.06293482614886098,0.05489240129181881
train,36,22,"1,2",UP,UP,exploit,-0.04,"0,2",False,0.05,0.07047220913043148,0.009403161162636932,-0.06106904796779455,0.0399376851465342
train,36,23,"0,2",DOWN,DOWN,exploit,-0.04,"1,2",False,0.05,0.05489240129181881,-0.004056083368119218,-0.05894848465993803,0.025418158961849797
train,36,24,"1,2",UP,UP,exploit,-0.04,"0,2",False,0.05,0.0399376851465342,-0.017123656934335183,-0.05706134208086938,0.011407014106099511
train,36,25,"0,2",DOWN,DOWN,exploit,-0.04,"1,2",False,0.05,0.025418158961849797,-0.02973368730451044,-0.05515184626636024,-0.002157764171330321
train,37,1,"3,0",UP,UP,exploit,-0.04,"2,0",False,0.05,-0.29448060094696493,-0.3076941878508022,-0.013213586903837282,-0.30108739439888355
train,37,2,"2,0",UP,UP,exploit,-0.04,"1,0",False,0.05,-0.29743798650089137,-0.2866821895741342,0.010755796926757155,-0.2920600880375128
train,37,3,"1,0",UP,UP,exploit,-0.04,"0,0",False,0.05,-0.274091321749038,-0.12346379651608602,0.15062752523295198,-0.198777559132562
train,37,4,"0,0",LEFT,LEFT,explore,-0.2,"0,0",False,0.05,-0.2918746820423395,-0.283463796516086,0.00841088552625352,-0.28766923927921273
train,37,5,"0,0",RIGHT,RIGHT,exploit,-0.04,"0,1",False,0.05,-0.09273755168454001,-0.10712416556610085,-0.014386613881560845,-0.09993085862532043
train,37,6,"0,1",RIGHT,RIGHT,exploit,-0.04,"0,2",False,0.05,-0.0745824061845565,-0.04,0.0345824061845565,-0.05729120309227825
train,37,7,"0,2",LEFT,LEFT,exploit,-0.04,"0,1",False,0.05,0.0,-0.09156208278305043,-0.09156208278305043,-0.045781041391525217
train,37,8,"0,1",RIGHT,RIGHT,exploit,-0.04,"0,2",False,0.05,-0.05729120309227825,-0.04,0.017291203092278253,-0.04864560154613913
train,37,9,"0,2",RIGHT,RIGHT,exploit,1.0,"0,3",True,0.05,0.0,1.0,1.0,0.5
train,38,1,"3,0",UP,UP,exploit,-0.04,"2,0",False,0.05,-0.30108739439888355,-0.3028540792337615,-0.001766684834877963,-0.3019707368163225
train,38,2,"2,0",UP,UP,exploit,-0.04,"1,0",False,0.05,-0.2920600880375128,-0.21889980321930583,0.073160284818207,-0.2554799456284093
train,38,3,"1,0",UP,UP,exploit,-0.04,"0,0",False,0.05,-0.198777559132562,-0.1299377727627884,0.06883978636977361,-0.1643576659476752
train,38,4,"0,0",RIGHT,RIGHT,exploit,-0.04,"0,1",False,0.05,-0.09993085862532043,-0.08378104139152523,0.016149817233795202,-0.09185595000842284
train,38,5,"0,1",RIGHT,RIGHT,exploit,-0.04,"0,2",False,0.05,-0.04864560154613913,0.41000000000000003,0.45864560154613915,0.18067719922693043
train,38,6,"0,2",RIGHT,RIGHT,exploit,1.0,"0,3",True,0.05,0.5,1.0,0.5,0.75
train,39,1,"3,0",UP,UP,exploit,-0.04,"2,0",False,0.05,-0.3019707368163225,-0.2699319510655684,0.03203878575075414,-0.28595134394094546
train,39,2,"2,0",UP,UP,exploit,-0.04,"1,0",False,0.05,-0.2554799456284093,-0.1879218993529077,0.0675580462755016,-0.2217009224906585
train,39,3,"1,0",UP,UP,exploit,-0.04,"0,0",False,0.05,-0.1643576659476752,-0.12267035500758056,0.041687310940094646,-0.14351401047762788
train,39,4,"0,0",RIGHT,RIGHT,exploit,-0.04,"0,1",False,0.05,-0.09185595000842284,0.12260947930423738,0.21446542931266022,0.01537676464790727
train,39,5,"0,1",RIGHT,RIGHT,exploit,-0.04,"0,2",False,0.05,0.18067719922693043,0.635,0.4543228007730696,0.40783859961346525
train,39,6,"0,2",RIGHT,RIGHT,exploit,1.0,"0,3",True,0.05,0.75,1.0,0.25,0.875
train,40,1,"3,0",UP,UP,exploit,-0.04,"2,0",False,0.05,-0.28595134394094546,-0.23953083024159266,0.046420513699352794,-0.2627410870912691
train,40,2,"2,0",UP,UP,exploit,-0.04,"1,0",False,0.05,-0.2217009224906585,-0.1691626094298651,0.0525383130607934,-0.1954317659602618
train,40,3,"1,0",UP,RIGHT,exploit,-0.2,"1,0",False,0.05,-0.14351401047762788,-0.3291626094298651,-0.1856485989522372,-0.2363383099537465
train,40,4,"1,0",UP,UP,exploit,-0.04,"0,0",False,0.05,-0.2363383099537465,-0.02616091181688346,0.21017739813686304,-0.13124961088531498
train,40,5,"0,0",RIGHT,RIGHT,exploit,-0.04,"0,1",False,0.05,0.01537676464790727,0.32705473965211873,0.31167797500421146,0.171215752150013
train,40,6,"0,1",RIGHT,RIGHT,exploit,-0.04,"0,2",False,0.05,0.40783859961346525,0.7474999999999999,0.3396614003865347,0.5776692998067325
train,40,7,"0,2",RIGHT,RIGHT,exploit,1.0,"0,3",True,0.05,0.875,1.0,0.125,0.9375
train,41,1,"3,0",UP,UP,exploit,-0.04,"2,0",False,0.05,-0.2627410870912691,-0.21588858936423563,0.046852497727033454,-0.23931483822775235
train,41,2,"2,0",UP,UP,exploit,-0.04,"1,0",False,0.05,-0.1954317659602618,-0.15812464979678348,0.037307116163478315,-0.17677820787852264
train,41,3,"1,0",UP,UP,exploit,-0.04,"0,0",False,0.05,-0.13124961088531498,0.1140941769350117,0.24534378782032668,-0.008577716975151639
train,41,4,"0,0",RIGHT,RIGHT,exploit,-0.04,"0,1",False,0.05,0.171215752150013,0.4799023698260593,0.3086866176760463,0.32555906098803616
train,41,5,"0,1",RIGHT,RIGHT,exploit,-0.04,"0,2",False,0.05,0.5776692998067325,0.80375,0.22608070019326743,0.6907096499033663
train,41,6,"0,2",RIGHT,RIGHT,exploit,1.0,"0,3",True,0.05,0.9375,1.0,0.0625,0.96875
train,42,1,"3,0",UP,UP,exploit,-0.04,"2,0",False,0.05,-0.23931483822775235,-0.19910038709067038,0.04021445113708197,-0.21920761265921135
train,42,2,"2,0",UP,UP,exploit,-0.04,"1,0",False,0.05,-0.17677820787852264,-0.047719945277636476,0.12905826260088615,-0.11224907657807956
train,42,3,"1,0",UP,UP,exploit,-0.04,"0,0",False,0.05,-0.008577716975151639,0.2530031548892326,0.2615808718643842,0.12221271895704047
train,42,4,"0,0",RIGHT,RIGHT,exploit,-0.04,"0,1",False,0.05,0.32555906098803616,0.5816386849130296,0.25607962392499345,0.4535988729505329
train,42,5,"0,1",RIGHT,RIGHT,exploit,-0.04,"0,2",False,0.05,0.6907096499033663,0.831875,0.14116535009663378,0.7612923249516832
train,42,6,"0,2",RIGHT,RIGHT,exploit,1.0,"0,3",True,0.05,0.96875,1.0,0.03125,0.984375
train,43,1,"3,0",UP,UP,exploit,-0.04,"2,0",False,0.05,-0.21920761265921135,-0.14102416892027161,0.07818344373893973,-0.1801158907897415
train,43,2,"2,0",UP,UP,exploit,-0.04,"1,0",False,0.05,-0.11224907657807956,0.06999144706133642,0.18224052363941598,-0.02112881475837157
train,43,3,"1,0",UP,UP,exploit,-0.04,"0,0",False,0.05,0.12221271895704047,0.36823898565547963,0.24602626669843916,0.24522585230626004
train,43,4,"0,0",RIGHT,RIGHT,exploit,-0.04,"0,1",False,0.05,0.4535988729505329,0.6451630924565148,0.1915642195059819,0.5493809827035239
train,43,5,"0,1",RIGHT,RIGHT,exploit,-0.04,"0,2",False,0.05,0.7612923249516832,0.8459375,0.08464517504831681,0.8036149124758416
train,43,6,"0,2",DOWN,DOWN,explore,-0.04,"1,2",False,0.05,-0.002157764171330321,-0.02973368730451044,-0.02757592313318012,-0.01594572573792038
train,43,7,"1,2",UP,UP,exploit,-0.04,"0,2",False,0.05,0.011407014106099511,0.8459375,0.8345304858939004,0.42867225705304973
train,43,8,"0,2",RIGHT,DOWN,exploit,-0.04,"1,2",False,0.05,0.984375,0.34580503134774476,-0.6385699686522552,0.6650900156738724
train,43,9,"1,2",UP,UP,exploit,-0.04,"0,2",False,0.05,0.42867225705304973,0.5585810141064851,0.12990875705343535,0.4936266355797674
train,43,10,"0,2",RIGHT,RIGHT,exploit,1.0,"0,3",True,0.05,0.6650900156738724,1.0,0.3349099843261276,0.8325450078369362
train,44,1,"3,0",UP,UP,exploit,-0.04,"2,0",False,0.05,-0.1801158907897415,-0.05901593328253442,0.12109995750720708,-0.11956591203613795
train,44,2,"2,0",UP,UP,exploit,-0.04,"1,0",False,0.05,-0.02112881475837157,0.18070326707563403,0.20183208183400558,0.07978722615863122
train,44,3,"1,0",UP,UP,exploit,-0.04,"0,0",False,0.05,0.24522585230626004,0.4544428844331715,0.20921703212691145,0.34983436836971576
train,44,4,"0,0",RIGHT,RIGHT,exploit,-0.04,"0,1",False,0.05,0.5493809827035239,0.6832534212282574,0.13387243852473352,0.6163172019658907
train,44,5,"0,1",RIGHT,RIGHT,exploit,-0.04,"0,2",False,0.05,0.8036149124758416,0.7092905070532426,-0.09432440542259901,0.7564527097645422
train,44,6,"0,2",RIGHT,DOWN,exploit,-0.04,"1,2",False,0.05,0.8325450078369362,0.40426397202179065,-0.42828103581514554,0.6184044899293635
train,44,7,"1,2",UP,LEFT,exploit,-0.2,"1,2",False,0.05,0.4936266355797674,0.24426397202179062,-0.24936266355797676,0.368945303800779
train,44,8,"1,2",UP,UP,exploit,-0.04,"0,2",False,0.05,0.368945303800779,0.5165640409364272,0.14761873713564816,0.4427546723686031
train,44,9,"0,2",RIGHT,RIGHT,exploit,1.0,"0,3",True,0.05,0.6184044899293635,1.0,0.3815955100706365,0.8092022449646817
train,45,1,"3,0",UP,UP,exploit,-0.04,"2,0",False,0.05,-0.11956591203613795,0.0318085035427681,0.15137441557890605,-0.04387870424668493
train,45,2,"2,0",UP,UP,exploit,-0.04,"1,0",False,0.05,0.07978722615863122,0.2748509315327442,0.195063705374113,0.1773190788456877
train,45,3,"1,0",UP,UP,exploit,-0.04,"0,0",False,0.05,0.34983436836971576,0.5146854817693016,0.16485111339958586,0.4322599250695087
train,45,4,"0,0",RIGHT,RIGHT,exploit,-0.04,"0,1",False,0.05,0.6163172019658907,0.6408074387880879,0.024490236822197198,0.6285623203769892
train,45,5,"0,1",RIGHT,UP,exploit,-0.2,"0,1",False,0.05,0.7564527097645422,0.4808074387880879,-0.27564527097645425,0.618630074276315
train,45,6,"0,1",RIGHT,RIGHT,exploit,-0.04,"0,2",False,0.05,0.618630074276315,0.6882820204682135,0.06965194619189852,0.6534560473722643
train,45,7,"0,2",RIGHT,RIGHT,exploit,1.0,"0,3",True,0.05,0.8092022449646817,1.0,0.19079775503531826,0.9046011224823409
train,46,1,"3,0",UP,UP,exploit,-0.04,"2,0",False,0.05,-0.04387870424668493,0.11958717096111893,0.16346587520780387,0.03785423335721701
train,46,2,"2,0",UP,UP,exploit,-0.04,"1,0",False,0.05,0.1773190788456877,0.3490339325625579,0.17171485371687017,0.26317650570412277
train,46,3,"1,0",UP,UP,exploit,-0.04,"0,0",False,0.05,0.4322599250695087,0.5257060883392903,0.09344616326978161,0.4789830067043995
train,46,4,"0,0",RIGHT,RIGHT,exploit,-0.04,"0,1",False,0.05,0.6285623203769892,0.5481104426350378,-0.0804518777419514,0.5883363815060135
train,46,5,"0,1",RIGHT,DOWN,exploit,-0.2,"0,1",False,0.05,0.6534560473722643,0.38811044263503786,-0.2653456047372264,0.520783245003651
train,46,6,"0,1",RIGHT,RIGHT,exploit,-0.04,"0,2",False,0.05,0.520783245003651,0.7741410102341069,0.25335776523045583,0.647462127618879
train,46,7,"0,2",RIGHT,RIGHT,exploit,1.0,"0,3",True,0.05,0.9046011224823409,1.0,0.09539887751765908,0.9523005612411705
train,47,1,"3,0",UP,UP,exploit,-0.04,"2,0",False,0.05,0.03785423335721701,0.1968588551337105,0.1590046217764935,0.11735654424546375
train,47,2,"2,0",UP,RIGHT,exploit,-0.2,"2,0",False,0.05,0.26317650570412277,0.03685885513371048,-0.22631765057041228,0.1500176804189166
train,47,3,"2,0",UP,UP,exploit,-0.04,"1,0",False,0.05,0.1500176804189166,0.3910847060339596,0.241067025615043,0.2705511932264381
train,47,4,"1,0",UP,UP,exploit,-0.04,"0,0",False,0.05,0.4789830067043995,0.48950274335541216,0.010519736651012634,0.4842428750299058
train,47,5,"0,0",RIGHT,DOWN,exploit,-0.04,"1,0",False,0.05,0.5883363815060135,0.3958185875269153,-0.19251779397909824,0.4920774845164644
train,47,6,"1,0",UP,UP,exploit,-0.04,"0,0",False,0.05,0.4842428750299058,0.40286973606481796,-0.08137313896508785,0.4435563055473619
train,47,7,"0,0",RIGHT,DOWN,exploit,-0.04,"1,0",False,0.05,0.4920774845164644,0.35920067499262576,-0.13287680952383862,0.42563907975454507
train,47,8,"1,0",UP,RIGHT,exploit,-0.2,"1,0",False,0.05,0.4435563055473619,0.19920067499262573,-0.2443556305547362,0.3213784902699938
train,47,9,"1,0",UP,LEFT,exploit,-0.2,"1,0",False,0.05,0.3213784902699938,0.08924064124299441,-0.2321378490269994,0.20530956575649412
train,47,10,"1,0",UP,RIGHT,exploit,-0.2,"1,0",False,0.05,0.20530956575649412,-0.0152213908191553,-0.22053095657564942,0.09504408746866941
train,47,11,"1,0",UP,LEFT,exploit,-0.2,"1,0",False,0.05,0.09504408746866941,-0.11446032127819754,-0.20950440874686693,-0.009708116904764058
train,47,12,"1,0",UP,UP,exploit,-0.04,"0,0",False,0.05,-0.009708116904764058,0.3430751717790906,0.35278328868385467,0.16668352743716328
train,47,13,"0,0",RIGHT,RIGHT,exploit,-0.04,"0,1",False,0.05,0.42563907975454507,0.5427159148569911,0.11707683510244604,0.4841774973057681
train,47,14,"0,1",RIGHT,RIGHT,exploit,-0.04,"0,2",False,0.05,0.647462127618879,0.8170705051170534,0.16960837749817437,0.7322663163679661
train,47,15,"0,2",RIGHT,RIGHT,exploit,1.0,"0,3",True,0.05,0.9523005612411705,1.0,0.04769943875882954,0.9761502806205853
train,48,1,"3,0",UP,UP,exploit,-0.04,"2,0",False,0.05,0.11735654424546375,0.2034960739037943,0.08613952965833054,0.16042630907462901
train,48,2,"2,0",UP,UP,exploit,-0.04,"1,0",False,0.05,0.2705511932264381,0.11001517469344693,-0.16053601853299118,0.19028318395994254
train,48,3,"1,0",UP,UP,exploit,-0.04,"0,0",False,0.05,0.16668352743716328,0.39575974757519133,0.22907622013802806,0.2812216375061773
train,48,4,"0,0",RIGHT,RIGHT,exploit,-0.04,"0,1",False,0.05,0.4841774973057681,0.6190396847311695,0.13486218742540146,0.5516085910184688
train,48,5,"0,1",RIGHT,DOWN,exploit,-0.2,"0,1",False,0.05,0.7322663163679661,0.4590396847311696,-0.27322663163679656,0.5956530005495678
train,48,6,"0,1",RIGHT,UP,exploit,-0.2,"0,1",False,0.05,0.5956530005495678,0.33608770049461106,-0.25956530005495676,0.46587035052208947
train,48,7,"0,1",RIGHT,RIGHT,exploit,-0.04,"0,2",False,0.05,0.46587035052208947,0.8385352525585268,0.3726649020364373,0.6522028015403081
train,48,8,"0,2",RIGHT,RIGHT,exploit,1.0,"0,3",True,0.05,0.9761502806205853,1.0,0.023849719379414713,0.9880751403102926
train,49,1,"3,0",UP,UP,exploit,-0.04,"2,0",False,0.05,0.16042630907462901,0.13125486556394828,-0.02917144351068074,0.14584058731928864
train,49,2,"2,0",UP,UP,exploit,-0.04,"1,0",False,0.05,0.19028318395994254,0.21309947375555957,0.022816289795617034,0.20169132885775104
train,49,3,"1,0",UP,UP,exploit,-0.04,"0,0",False,0.05,0.2812216375061773,0.45644773191662197,0.17522609441044468,0.36883468471139963
train,49,4,"0,0",RIGHT,DOWN,exploit,-0.04,"1,0",False,0.05,0.5516085910184688,0.2919512162402597,-0.2596573747782091,0.42177990362936424
train,49,5,"1,0",UP,UP,exploit,-0.04,"0,0",False,0.05,0.36883468471139963,0.33960191326642786,-0.029232771444971772,0.35421829898891377
train,49,6,"0,0",RIGHT,RIGHT,exploit,-0.04,"0,1",False,0.05,0.42177990362936424,0.5469825213862772,0.125202617756913,0.48438121250782074
train,49,7,"0,1",RIGHT,RIGHT,exploit,-0.04,"0,2",False,0.05,0.6522028015403081,0.8492676262792633,0.19706482473895526,0.7507352139097857
train,49,8,"0,2",RIGHT,DOWN,exploit,-0.04,"1,2",False,0.05,0.9880751403102926,0.3584792051317428,-0.6295959351785498,0.6732771727210177
train,49,9,"1,2",UP,LEFT,exploit,-0.2,"1,2",False,0.05,0.4427546723686031,0.19847920513174278,-0.24427546723686033,0.32061693875017294
train,49,10,"1,2",UP,UP,exploit,-0.04,"0,2",False,0.05,0.32061693875017294,0.565949455448916,0.245332516698743,0.44328319709954445
train,49,11,"0,2",RIGHT,RIGHT,exploit,1.0,"0,3",True,0.05,0.6732771727210177,1.0,0.3267228272789823,0.8366385863605088
train,50,1,"3,0",UP,UP,exploit,-0.04,"2,0",False,0.05,0.14584058731928864,0.14152219597197593,-0.004318391347312711,0.1436813916456323
train,50,2,"2,0",UP,RIGHT,exploit,-0.2,"2,0",False,0.05,0.20169132885775104,-0.01847780402802407,-0.2201691328857751,0.09160676241486349
train,50,3,"2,0",UP,UP,exploit,-0.04,"1,0",False,0.05,0.09160676241486349,0.2787964690900224,0.18718970667515894,0.18520161575244296
train,50,4,"1,0",UP,UP,exploit,-0.04,"0,0",False,0.05,0.35421829898891377,0.3959430912570387,0.04172479226812492,0.37508069512297626
train,50,5,"0,0",RIGHT,RIGHT,exploit,-0.04,"0,1",False,0.05,0.48438121250782074,0.6356616925188071,0.15128048001098637,0.5600214525133139
train,50,6,"0,1",RIGHT,RIGHT,exploit,-0.04,"0,2",False,0.05,0.7507352139097857,0.7129747277244579,-0.03776048618532779,0.7318549708171218
train,50,7,"0,2",RIGHT,RIGHT,exploit,1.0,"0,3",True,0.05,0.8366385863605088,1.0,0.1633614136394912,0.9183192931802544
train,51,1,"3,0",UP,UP,exploit,-0.04,"2,0",False,0.05,0.1436813916456323,0.12668145417719864,-0.016999937468433646,0.13518142291141547
train,51,2,"2,0",UP,UP,exploit,-0.04,"1,0",False,0.05,0.18520161575244296,0.29757262561067865,0.1123710098582357,0.24138712068156082
train,51,3,"1,0",UP,UP,exploit,-0.04,"0,0",False,0.05,0.37508069512297626,0.46401930726198254,0.08893861213900628,0.4195500011924794
train,51,4,"0,0",RIGHT,RIGHT,exploit,-0.04,"0,1",False,0.05,0.5600214525133139,0.6186694737354096,0.05864802122209567,0.5893454631243618
train,51,5,"0,1",RIGHT,RIGHT,exploit,-0.04,"0,2",False,0.05,0.7318549708171218,0.786487363862229,0.05463239304510714,0.7591711673396754
train,51,6,"0,2",RIGHT,RIGHT,exploit,1.0,"0,3",True,0.05,0.9183192931802544,1.0,0.0816807068197456,0.9591596465901272
train,52,1,"3,0",UP,UP,exploit,-0.04,"2,0",False,0.05,0.13518142291141547,0.17724840861340474,0.04206698570198927,0.1562149157624101
train,52,2,"2,0",UP,UP,exploit,-0.04,"1,0",False,0.05,0.24138712068156082,0.33759500107323154,0.09620788039167072,0.2894910608773962
train,52,3,"1,0",UP,RIGHT,exploit,-0.2,"1,0",False,0.05,0.4195500011924794,0.1775950010732315,-0.24195500011924792,0.2985725011328555
train,52,4,"1,0",UP,RIGHT,exploit,-0.2,"1,0",False,0.05,0.2985725011328555,0.06871525101956993,-0.22985725011328556,0.18364387607621271
train,52,5,"1,0",UP,RIGHT,exploit,-0.2,"1,0",False,0.05,0.18364387607621271,-0.034720511531408565,-0.21836438760762128,0.07446168227240207
train,52,6,"1,0",UP,UP,exploit,-0.04,"0,0",False,0.05,0.07446168227240207,0.49041091681192567,0.4159492345395236,0.28243629954216387
train,52,7,"0,0",RIGHT,RIGHT,exploit,-0.04,"0,1",False,0.05,0.5893454631243618,0.6432540506057078,0.05390858748134608,0.6162997568650348
train,52,8,"0,1",RIGHT,RIGHT,exploit,-0.04,"0,2",False,0.05,0.7591711673396754,0.8232436819311144,0.06407251459143903,0.7912074246353948
train,52,9,"0,2",RIGHT,RIGHT,exploit,1.0,"0,3",True,0.05,0.9591596465901272,1.0,0.0408403534098728,0.9795798232950637
train,53,1,"3,0",UP,UP,exploit,-0.04,"2,0",False,0.05,0.1562149157624101,0.22054195478965657,0.06432703902724649,0.18837843527603332
train,53,2,"2,0",UP,UP,exploit,-0.04,"1,0",False,0.05,0.2894910608773962,0.2141926695879475,-0.07529839128944868,0.2518418652326718
train,53,3,"1,0",UP,UP,exploit,-0.04,"0,0",False,0.05,0.28243629954216387,0.5146697811785313,0.23223348163636748,0.3985530403603476
train,53,4,"0,0",RIGHT,RIGHT,exploit,-0.04,"0,1",False,0.05,0.6162997568650348,0.6720866821718553,0.0557869253068205,0.644193219518445
train,53,5,"0,1",UP,UP,explore,-0.2,"0,1",False,0.05,-0.28525,0.5120866821718553,0.7973366821718553,0.11341834108592763
train,53,6,"0,1",RIGHT,RIGHT,exploit,-0.04,"0,2",False,0.05,0.7912074246353948,0.8416218409655573,0.050414416330162415,0.816414632800476
train,53,7,"0,2",RIGHT,RIGHT,exploit,1.0,"0,3",True,0.05,0.9795798232950637,1.0,0.020420176704936344,0.9897899116475318
train,54,1,"3,0",UP,UP,exploit,-0.04,"2,0",False,0.05,0.18837843527603332,0.18665767870940464,-0.0017207565666286784,0.18751805699271898
train,54,2,"2,0",UP,UP,exploit,-0.04,"1,0",False,0.05,0.2518418652326718,0.31869773632431286,0.06685587109164104,0.28526980077849234
train,54,3,"1,0",UP,UP,exploit,-0.04,"0,0",False,0.05,0.3985530403603476,0.5397738975666004,0.14122085720625283,0.46916346896347405
train,54,4,"0,0",RIGHT,RIGHT,exploit,-0.04,"0,1",False,0.05,0.644193219518445,0.6947731695204283,0.05057995000198334,0.6694831945194366
train,54,5,"0,1",RIGHT,RIGHT,exploit,-0.04,"0,2",False,0.05,0.816414632800476,0.8508109204827786,0.03439628768230263,0.8336127766416273
train,54,6,"0,2",UP,UP,explore,-0.2,"0,2",False,0.05,-0.0690531692221565,0.6908109204827786,0.7598640897049351,0.3108788756303111
train,54,7,"0,2",RIGHT,RIGHT,exploit,1.0,"0,3",True,0.05,0.9897899116475318,1.0,0.010210088352468172,0.9948949558237659
train,55,1,"3,0",UP,RIGHT,exploit,-0.04,"3,1",False,0.05,0.18751805699271898,-0.41780230126582363,-0.6053203582585426,-0.11514212213655231
train,55,2,"3,1",LEFT,LEFT,exploit,-0.04,"3,0",False,0.05,-0.41978033473980403,-0.1436279099228971,0.27615242481690694,-0.28170412233135056
train,55,3,"3,0",UP,UP,exploit,-0.04,"2,0",False,0.05,-0.11514212213655231,0.21674282070064313,0.33188494283719544,0.05080034928204541
train,55,4,"2,0",UP,UP,exploit,-0.04,"1,0",False,0.05,0.28526980077849234,0.3822471220671267,0.09697732128863434,0.3337584614228095
train,55,5,"1,0",UP,UP,exploit,-0.04,"0,0",False,0.05,0.46916346896347405,0.5625348750674929,0.09337140610401884,0.5158491720154834
train,55,6,"0,0",RIGHT,RIGHT,exploit,-0.04,"0,1",False,0.05,0.6694831945194366,0.7102514989774645,0.040768304458027926,0.6898673467484506
train,55,7,"0,1",RIGHT,UP,exploit,-0.2,"0,1",False,0.05,0.8336127766416273,0.5502514989774645,-0.28336127766416275,0.6919321378095459
train,55,8,"0,1",RIGHT,RIGHT,exploit,-0.04,"0,2",False,0.05,0.6919321378095459,0.8554054602413893,0.16347332243184343,0.7736687990254676
train,55,9,"0,2",RIGHT,DOWN,exploit,-0.04,"1,2",False,0.05,0.9948949558237659,0.35895487738959003,-0.6359400784341758,0.676924916606678
train,55,10,"1,2",DOWN,DOWN,explore,-1.0,"2,2",True,0.05,-0.5,-1.0,-0.5,-0.75
train,56,1,"3,0",UP,UP,exploit,-0.04,"2,0",False,0.05,0.05080034928204541,0.2603826152805286,0.20958226599848317,0.155591482281287
train,56,2,"2,0",UP,UP,exploit,-0.04,"1,0",False,0.05,0.3337584614228095,0.4242642548139351,0.09050579339112558,0.3790113581183723
train,56,3,"1,0",UP,LEFT,exploit,-0.2,"1,0",False,0.05,0.5158491720154834,0.26426425481393506,-0.25158491720154835,0.39005671341470927
train,56,4,"1,0",UP,UP,exploit,-0.04,"0,0",False,0.05,0.39005671341470927,0.5808806120736055,0.19082389865889626,0.4854686627441574
train,56,5,"0,0",RIGHT,RIGHT,exploit,-0.04,"0,1",False,0.05,0.6898673467484506,0.6563019191229208,-0.03356542762552983,0.6730846329356857
train,56,6,"0,1",RIGHT,RIGHT,exploit,-0.04,"0,2",False,0.05,0.7736687990254676,0.5692324249460101,-0.20443637407945747,0.6714506119857389
train,56,7,"0,2",RIGHT,UP,exploit,-0.2,"0,2",False,0.05,0.676924916606678,0.40923242494601014,-0.26769249166066783,0.5430786707763441
train,56,8,"0,2",UP,UP,explore,-0.2,"0,2",False,0.05,0.3108788756303111,0.28877080369870967,-0.022108071931601414,0.29982483966451035
train,56,9,"0,2",RIGHT,RIGHT,exploit,1.0,"0,3",True,0.05,0.5430786707763441,1.0,0.4569213292236559,0.7715393353881721
train,57,1,"3,0",UP,UP,exploit,-0.04,"2,0",False,0.05,0.155591482281287,0.30111022230653506,0.14551874002524806,0.22835085229391103
train,57,2,"2,0",UP,UP,exploit,-0.04,"1,0",False,0.05,0.3790113581183723,0.3969217964697417,0.017910438351369407,0.387966577294057
train,57,3,"1,0",UP,UP,exploit,-0.04,"0,0",False,0.05,0.4854686627441574,0.5657761696421171,0.08030750689795968,0.5256224161931372
train,57,4,"0,0",RIGHT,RIGHT,exploit,-0.04,"0,1",False,0.05,0.6730846329356857,0.5643055507871649,-0.10877908214852072,0.6186950918614254
train,57,5,"0,1",RIGHT,UP,exploit,-0.2,"0,1",False,0.05,0.6714506119857389,0.40430555078716496,-0.2671450611985739,0.5378780813864519
train,57,6,"0,1",RIGHT,RIGHT,exploit,-0.04,"0,2",False,0.05,0.5378780813864519,0.6543854018493549,0.11650732046290302,0.5961317416179034
train,57,7,"0,2",RIGHT,RIGHT,exploit,1.0,"0,3",True,0.05,0.7715393353881721,1.0,0.2284606646118279,0.885769667694086
train,58,1,"3,0",UP,UP,exploit,-0.04,"2,0",False,0.05,0.22835085229391103,0.3091699195646513,0.08081906727074026,0.26876038592928114
train,58,2,"2,0",UP,UP,exploit,-0.04,"1,0",False,0.05,0.387966577294057,0.4330601745738235,0.04509359727976653,0.4105133759339402
train,58,3,"1,0",UP,UP,exploit,-0.04,"0,0",False,0.05,0.5256224161931372,0.5168255826752828,-0.00879683351785443,0.52122399943421
train,58,4,"0,0",RIGHT,RIGHT,exploit,-0.04,"0,1",False,0.05,0.6186950918614254,0.49651856745611306,-0.12217652440531229,0.5576068296587692
train,58,5,"0,1",RIGHT,RIGHT,exploit,-0.04,"0,2",False,0.05,0.5961317416179034,0.7571927009246774,0.161060959306774,0.6766622212712904
train,58,6,"0,2",RIGHT,RIGHT,exploit,1.0,"0,3",True,0.05,0.885769667694086,1.0,0.11423033230591395,0.942884833847043
train,59,1,"3,0",UP,UP,exploit,-0.04,"2,0",False,0.05,0.26876038592928114,0.3294620383405462,0.06070165241126507,0.29911121213491365
train,59,2,"2,0",UP,UP,exploit,-0.04,"1,0",False,0.05,0.4105133759339402,0.4291015994907891,0.01858822355684886,0.41980748771236465
train,59,3,"1,0",UP,UP,exploit,-0.04,"0,0",False,0.05,0.52122399943421,0.4618461466928923,-0.05937785274131774,0.49153507306355115
train,59,4,"0,0",RIGHT,RIGHT,exploit,-0.04,"0,1",False,0.05,0.5576068296587692,0.5689959991441613,0.011389169485392148,0.5633014144014652
train,59,5,"0,1",RIGHT,RIGHT,exploit,-0.04,"0,2",False,0.05,0.6766622212712904,0.8085963504623387,0.1319341291910483,0.7426292858668145
train,59,6,"0,2",LEFT,LEFT,explore,-0.04,"0,1",False,0.05,-0.045781041391525217,0.628366357280133,0.6741473986716582,0.29129265794430387
train,59,7,"0,1",RIGHT,RIGHT,exploit,-0.04,"0,2",False,0.05,0.7426292858668145,0.8085963504623387,0.06596706459552415,0.7756128181645766
train,59,8,"0,2",RIGHT,RIGHT,exploit,1.0,"0,3",True,0.05,0.942884833847043,1.0,0.057115166152956975,0.9714424169235215
train,60,1,"3,0",UP,LEFT,exploit,-0.2,"3,0",False,0.05,0.29911121213491365,0.06920009092142226,-0.2299111212134914,0.18415565152816796
train,60,2,"3,0",UP,UP,exploit,-0.04,"2,0",False,0.05,0.18415565152816796,0.3378267389411282,0.15367108741296023,0.2609911952346481
train,60,3,"2,0",UP,UP,exploit,-0.04,"1,0",False,0.05,0.41980748771236465,0.4023815657571961,-0.017425921955168566,0.41109452673478036
train,60,4,"1,0",UP,UP,exploit,-0.04,"0,0",False,0.05,0.49153507306355115,0.46697127296131874,-0.024563800102232414,0.479253173012435
train,60,5,"0,0",RIGHT,RIGHT,exploit,-0.04,"0,1",False,0.05,0.5633014144014652,0.658051536348119,0.09475012194665378,0.6106764753747921
train,60,6,"0,1",RIGHT,RIGHT,exploit,-0.04,"0,2",False,0.05,0.7756128181645766,0.8342981752311693,0.058685357066592725,0.8049554966978729
train,60,7,"0,2",RIGHT,RIGHT,exploit,1.0,"0,3",True,0.05,0.9714424169235215,1.0,0.028557583076478488,0.9857212084617608
evaluate,1,1,"3,0",UP,UP,exploit,-0.04,"2,0",False,0.0,0.2609911952346481,0.32998507406130234,0.06899387882665425,0.2609911952346481
evaluate,1,2,"2,0",UP,UP,exploit,-0.04,"1,0",False,0.0,0.41109452673478036,0.3913278557111915,-0.019766671023588867,0.41109452673478036
evaluate,1,3,"1,0",UP,UP,exploit,-0.04,"0,0",False,0.0,0.479253173012435,0.5096088278373129,0.030355654824877898,0.479253173012435
evaluate,1,4,"0,0",RIGHT,RIGHT,exploit,-0.04,"0,1",False,0.0,0.6106764753747921,0.6844599470280857,0.07378347165329358,0.6106764753747921
evaluate,1,5,"0,1",RIGHT,DOWN,exploit,-0.2,"0,1",False,0.0,0.8049554966978729,0.5244599470280857,-0.2804955496697872,0.8049554966978729
evaluate,1,6,"0,1",RIGHT,RIGHT,exploit,-0.04,"0,2",False,0.0,0.8049554966978729,0.8471490876155847,0.0421935909177118,0.8049554966978729
evaluate,1,7,"0,2",RIGHT,RIGHT,exploit,1.0,"0,3",True,0.0,0.9857212084617608,1.0,0.014278791538239188,0.9857212084617608
evaluate,2,1,"3,0",UP,UP,exploit,-0.04,"2,0",False,0.0,0.2609911952346481,0.32998507406130234,0.06899387882665425,0.2609911952346481
evaluate,2,2,"2,0",UP,UP,exploit,-0.04,"1,0",False,0.0,0.41109452673478036,0.3913278557111915,-0.019766671023588867,0.41109452673478036
evaluate,2,3,"1,0",UP,UP,exploit,-0.04,"0,0",False,0.0,0.479253173012435,0.5096088278373129,0.030355654824877898,0.479253173012435
evaluate,2,4,"0,0",RIGHT,RIGHT,exploit,-0.04,"0,1",False,0.0,0.6106764753747921,0.6844599470280857,0.07378347165329358,0.6106764753747921
evaluate,2,5,"0,1",RIGHT,RIGHT,exploit,-0.04,"0,2",False,0.0,0.8049554966978729,0.8471490876155847,0.0421935909177118,0.8049554966978729
evaluate,2,6,"0,2",RIGHT,RIGHT,exploit,1.0,"0,3",True,0.0,0.9857212084617608,1.0,0.014278791538239188,0.9857212084617608
evaluate,3,1,"3,0",UP,RIGHT,exploit,-0.04,"3,1",False,0.0,0.2609911952346481,-0.2935337100982155,-0.5545249053328636,0.2609911952346481
evaluate,3,2,"3,1",LEFT,UP,exploit,-0.2,"3,1",False,0.0,-0.28170412233135056,-0.4535337100982155,-0.17182958776686497,-0.28170412233135056
evaluate,3,3,"3,1",LEFT,LEFT,exploit,-0.04,"3,0",False,0.0,-0.28170412233135056,0.19489207571118328,0.47659619804253384,-0.28170412233135056
evaluate,3,4,"3,0",UP,UP,exploit,-0.04,"2,0",False,0.0,0.2609911952346481,0.32998507406130234,0.06899387882665425,0.2609911952346481
evaluate,3,5,"2,0",UP,LEFT,exploit,-0.2,"2,0",False,0.0,0.41109452673478036,0.1699850740613023,-0.24110945267347805,0.41109452673478036
evaluate,3,6,"2,0",UP,UP,exploit,-0.04,"1,0",False,0.0,0.41109452673478036,0.3913278557111915,-0.019766671023588867,0.41109452673478036
evaluate,3,7,"1,0",UP,UP,exploit,-0.04,"0,0",False,0.0,0.479253173012435,0.5096088278373129,0.030355654824877898,0.479253173012435
evaluate,3,8,"0,0",RIGHT,RIGHT,exploit,-0.04,"0,1",False,0.0,0.6106764753747921,0.6844599470280857,0.07378347165329358,0.6106764753747921
evaluate,3,9,"0,1",RIGHT,DOWN,exploit,-0.2,"0,1",False,0.0,0.8049554966978729,0.5244599470280857,-0.2804955496697872,0.8049554966978729
evaluate,3,10,"0,1",RIGHT,RIGHT,exploit,-0.04,"0,2",False,0.0,0.8049554966978729,0.8471490876155847,0.0421935909177118,0.8049554966978729
evaluate,3,11,"0,2",RIGHT,RIGHT,exploit,1.0,"0,3",True,0.0,0.9857212084617608,1.0,0.014278791538239188,0.9857212084617608
evaluate,4,1,"3,0",UP,UP,exploit,-0.04,"2,0",False,0.0,0.2609911952346481,0.32998507406130234,0.06899387882665425,0.2609911952346481
evaluate,4,2,"2,0",UP,LEFT,exploit,-0.2,"2,0",False,0.0,0.41109452673478036,0.1699850740613023,-0.24110945267347805,0.41109452673478036
evaluate,4,3,"2,0",UP,UP,exploit,-0.04,"1,0",False,0.0,0.41109452673478036,0.3913278557111915,-0.019766671023588867,0.41109452673478036
evaluate,4,4,"1,0",UP,UP,exploit,-0.04,"0,0",False,0.0,0.479253173012435,0.5096088278373129,0.030355654824877898,0.479253173012435
evaluate,4,5,"0,0",RIGHT,RIGHT,exploit,-0.04,"0,1",False,0.0,0.6106764753747921,0.6844599470280857,0.07378347165329358,0.6106764753747921
evaluate,4,6,"0,1",RIGHT,RIGHT,exploit,-0.04,"0,2",False,0.0,0.8049554966978729,0.8471490876155847,0.0421935909177118,0.8049554966978729
evaluate,4,7,"0,2",RIGHT,RIGHT,exploit,1.0,"0,3",True,0.0,0.9857212084617608,1.0,0.014278791538239188,0.9857212084617608
evaluate,5,1,"3,0",UP,UP,exploit,-0.04,"2,0",False,0.0,0.2609911952346481,0.32998507406130234,0.06899387882665425,0.2609911952346481
evaluate,5,2,"2,0",UP,RIGHT,exploit,-0.2,"2,0",False,0.0,0.41109452673478036,0.1699850740613023,-0.24110945267347805,0.41109452673478036
evaluate,5,3,"2,0",UP,UP,exploit,-0.04,"1,0",False,0.0,0.41109452673478036,0.3913278557111915,-0.019766671023588867,0.41109452673478036
evaluate,5,4,"1,0",UP,UP,exploit,-0.04,"0,0",False,0.0,0.479253173012435,0.5096088278373129,0.030355654824877898,0.479253173012435
evaluate,5,5,"0,0",RIGHT,RIGHT,exploit,-0.04,"0,1",False,0.0,0.6106764753747921,0.6844599470280857,0.07378347165329358,0.6106764753747921
evaluate,5,6,"0,1",RIGHT,RIGHT,exploit,-0.04,"0,2",False,0.0,0.8049554966978729,0.8471490876155847,0.0421935909177118,0.8049554966978729
evaluate,5,7,"0,2",RIGHT,RIGHT,exploit,1.0,"0,3",True,0.0,0.9857212084617608,1.0,0.014278791538239188,0.9857212084617608
evaluate,6,1,"3,0",UP,UP,exploit,-0.04,"2,0",False,0.0,0.2609911952346481,0.32998507406130234,0.06899387882665425,0.2609911952346481
evaluate,6,2,"2,0",UP,UP,exploit,-0.04,"1,0",False,0.0,0.41109452673478036,0.3913278557111915,-0.019766671023588867,0.41109452673478036
evaluate,6,3,"1,0",UP,UP,exploit,-0.04,"0,0",False,0.0,0.479253173012435,0.5096088278373129,0.030355654824877898,0.479253173012435
evaluate,6,4,"0,0",RIGHT,DOWN,exploit,-0.04,"1,0",False,0.0,0.6106764753747921,0.3913278557111915,-0.21934861966360059,0.6106764753747921
evaluate,6,5,"1,0",UP,UP,exploit,-0.04,"0,0",False,0.0,0.479253173012435,0.5096088278373129,0.030355654824877898,0.479253173012435
evaluate,6,6,"0,0",RIGHT,RIGHT,exploit,-0.04,"0,1",False,0.0,0.6106764753747921,0.6844599470280857,0.07378347165329358,0.6106764753747921
evaluate,6,7,"0,1",RIGHT,RIGHT,exploit,-0.04,"0,2",False,0.0,0.8049554966978729,0.8471490876155847,0.0421935909177118,0.8049554966978729
evaluate,6,8,"0,2",RIGHT,RIGHT,exploit,1.0,"0,3",True,0.0,0.9857212084617608,1.0,0.014278791538239188,0.9857212084617608
evaluate,7,1,"3,0",UP,RIGHT,exploit,-0.04,"3,1",False,0.0,0.2609911952346481,-0.2935337100982155,-0.5545249053328636,0.2609911952346481
evaluate,7,2,"3,1",LEFT,LEFT,exploit,-0.04,"3,0",False,0.0,-0.28170412233135056,0.19489207571118328,0.47659619804253384,-0.28170412233135056
evaluate,7,3,"3,0",UP,UP,exploit,-0.04,"2,0",False,0.0,0.2609911952346481,0.32998507406130234,0.06899387882665425,0.2609911952346481
evaluate,7,4,"2,0",UP,UP,exploit,-0.04,"1,0",False,0.0,0.41109452673478036,0.3913278557111915,-0.019766671023588867,0.41109452673478036
evaluate,7,5,"1,0",UP,UP,exploit,-0.04,"0,0",False,0.0,0.479253173012435,0.5096088278373129,0.030355654824877898,0.479253173012435
evaluate,7,6,"0,0",RIGHT,RIGHT,exploit,-0.04,"0,1",False,0.0,0.6106764753747921,0.6844599470280857,0.07378347165329358,0.6106764753747921
evaluate,7,7,"0,1",RIGHT,RIGHT,exploit,-0.04,"0,2",False,0.0,0.8049554966978729,0.8471490876155847,0.0421935909177118,0.8049554966978729
evaluate,7,8,"0,2",RIGHT,RIGHT,exploit,1.0,"0,3",True,0.0,0.9857212084617608,1.0,0.014278791538239188,0.9857212084617608
evaluate,8,1,"3,0",UP,UP,exploit,-0.04,"2,0",False,0.0,0.2609911952346481,0.32998507406130234,0.06899387882665425,0.2609911952346481
evaluate,8,2,"2,0",UP,UP,exploit,-0.04,"1,0",False,0.0,0.41109452673478036,0.3913278557111915,-0.019766671023588867,0.41109452673478036
evaluate,8,3,"1,0",UP,RIGHT,exploit,-0.2,"1,0",False,0.0,0.479253173012435,0.23132785571119147,-0.2479253173012435,0.479253173012435
evaluate,8,4,"1,0",UP,UP,exploit,-0.04,"0,0",False,0.0,0.479253173012435,0.5096088278373129,0.030355654824877898,0.479253173012435
evaluate,8,5,"0,0",RIGHT,RIGHT,exploit,-0.04,"0,1",False,0.0,0.6106764753747921,0.6844599470280857,0.07378347165329358,0.6106764753747921
evaluate,8,6,"0,1",RIGHT,RIGHT,exploit,-0.04,"0,2",False,0.0,0.8049554966978729,0.8471490876155847,0.0421935909177118,0.8049554966978729
evaluate,8,7,"0,2",RIGHT,RIGHT,exploit,1.0,"0,3",True,0.0,0.9857212084617608,1.0,0.014278791538239188,0.9857212084617608
evaluate,9,1,"3,0",UP,UP,exploit,-0.04,"2,0",False,0.0,0.2609911952346481,0.32998507406130234,0.06899387882665425,0.2609911952346481
evaluate,9,2,"2,0",UP,UP,exploit,-0.04,"1,0",False,0.0,0.41109452673478036,0.3913278557111915,-0.019766671023588867,0.41109452673478036
evaluate,9,3,"1,0",UP,RIGHT,exploit,-0.2,"1,0",False,0.0,0.479253173012435,0.23132785571119147,-0.2479253173012435,0.479253173012435
evaluate,9,4,"1,0",UP,UP,exploit,-0.04,"0,0",False,0.0,0.479253173012435,0.5096088278373129,0.030355654824877898,0.479253173012435
evaluate,9,5,"0,0",RIGHT,RIGHT,exploit,-0.04,"0,1",False,0.0,0.6106764753747921,0.6844599470280857,0.07378347165329358,0.6106764753747921
evaluate,9,6,"0,1",RIGHT,UP,exploit,-0.2,"0,1",False,0.0,0.8049554966978729,0.5244599470280857,-0.2804955496697872,0.8049554966978729
evaluate,9,7,"0,1",RIGHT,RIGHT,exploit,-0.04,"0,2",False,0.0,0.8049554966978729,0.8471490876155847,0.0421935909177118,0.8049554966978729
evaluate,9,8,"0,2",RIGHT,RIGHT,exploit,1.0,"0,3",True,0.0,0.9857212084617608,1.0,0.014278791538239188,0.9857212084617608
evaluate,10,1,"3,0",UP,LEFT,exploit,-0.2,"3,0",False,0.0,0.2609911952346481,0.034892075711183274,-0.22609911952346481,0.2609911952346481
evaluate,10,2,"3,0",UP,UP,exploit,-0.04,"2,0",False,0.0,0.2609911952346481,0.32998507406130234,0.06899387882665425,0.2609911952346481
evaluate,10,3,"2,0",UP,UP,exploit,-0.04,"1,0",False,0.0,0.41109452673478036,0.3913278557111915,-0.019766671023588867,0.41109452673478036
evaluate,10,4,"1,0",UP,UP,exploit,-0.04,"0,0",False,0.0,0.479253173012435,0.5096088278373129,0.030355654824877898,0.479253173012435
evaluate,10,5,"0,0",RIGHT,RIGHT,exploit,-0.04,"0,1",False,0.0,0.6106764753747921,0.6844599470280857,0.07378347165329358,0.6106764753747921
evaluate,10,6,"0,1",RIGHT,RIGHT,exploit,-0.04,"0,2",False,0.0,0.8049554966978729,0.8471490876155847,0.0421935909177118,0.8049554966978729
evaluate,10,7,"0,2",RIGHT,RIGHT,exploit,1.0,"0,3",True,0.0,0.9857212084617608,1.0,0.014278791538239188,0.9857212084617608
evaluate,11,1,"3,0",UP,UP,exploit,-0.04,"2,0",False,0.0,0.2609911952346481,0.32998507406130234,0.06899387882665425,0.2609911952346481
evaluate,11,2,"2,0",UP,UP,exploit,-0.04,"1,0",False,0.0,0.41109452673478036,0.3913278557111915,-0.019766671023588867,0.41109452673478036
evaluate,11,3,"1,0",UP,UP,exploit,-0.04,"0,0",False,0.0,0.479253173012435,0.5096088278373129,0.030355654824877898,0.479253173012435
evaluate,11,4,"0,0",RIGHT,RIGHT,exploit,-0.04,"0,1",False,0.0,0.6106764753747921,0.6844599470280857,0.07378347165329358,0.6106764753747921
evaluate,11,5,"0,1",RIGHT,RIGHT,exploit,-0.04,"0,2",False,0.0,0.8049554966978729,0.8471490876155847,0.0421935909177118,0.8049554966978729
evaluate,11,6,"0,2",RIGHT,RIGHT,exploit,1.0,"0,3",True,0.0,0.9857212084617608,1.0,0.014278791538239188,0.9857212084617608
evaluate,12,1,"3,0",UP,UP,exploit,-0.04,"2,0",False,0.0,0.2609911952346481,0.32998507406130234,0.06899387882665425,0.2609911952346481
evaluate,12,2,"2,0",UP,UP,exploit,-0.04,"1,0",False,0.0,0.41109452673478036,0.3913278557111915,-0.019766671023588867,0.41109452673478036
evaluate,12,3,"1,0",UP,UP,exploit,-0.04,"0,0",False,0.0,0.479253173012435,0.5096088278373129,0.030355654824877898,0.479253173012435
evaluate,12,4,"0,0",RIGHT,RIGHT,exploit,-0.04,"0,1",False,0.0,0.6106764753747921,0.6844599470280857,0.07378347165329358,0.6106764753747921
evaluate,12,5,"0,1",RIGHT,RIGHT,exploit,-0.04,"0,2",False,0.0,0.8049554966978729,0.8471490876155847,0.0421935909177118,0.8049554966978729
evaluate,12,6,"0,2",RIGHT,RIGHT,exploit,1.0,"0,3",True,0.0,0.9857212084617608,1.0,0.014278791538239188,0.9857212084617608
evaluate,13,1,"3,0",UP,UP,exploit,-0.04,"2,0",False,0.0,0.2609911952346481,0.32998507406130234,0.06899387882665425,0.2609911952346481
evaluate,13,2,"2,0",UP,RIGHT,exploit,-0.2,"2,0",False,0.0,0.41109452673478036,0.1699850740613023,-0.24110945267347805,0.41109452673478036
evaluate,13,3,"2,0",UP,UP,exploit,-0.04,"1,0",False,0.0,0.41109452673478036,0.3913278557111915,-0.019766671023588867,0.41109452673478036
evaluate,13,4,"1,0",UP,UP,exploit,-0.04,"0,0",False,0.0,0.479253173012435,0.5096088278373129,0.030355654824877898,0.479253173012435
evaluate,13,5,"0,0",RIGHT,RIGHT,exploit,-0.04,"0,1",False,0.0,0.6106764753747921,0.6844599470280857,0.07378347165329358,0.6106764753747921
evaluate,13,6,"0,1",RIGHT,DOWN,exploit,-0.2,"0,1",False,0.0,0.8049554966978729,0.5244599470280857,-0.2804955496697872,0.8049554966978729
evaluate,13,7,"0,1",RIGHT,RIGHT,exploit,-0.04,"0,2",False,0.0,0.8049554966978729,0.8471490876155847,0.0421935909177118,0.8049554966978729
evaluate,13,8,"0,2",RIGHT,RIGHT,exploit,1.0,"0,3",True,0.0,0.9857212084617608,1.0,0.014278791538239188,0.9857212084617608
evaluate,14,1,"3,0",UP,UP,exploit,-0.04,"2,0",False,0.0,0.2609911952346481,0.32998507406130234,0.06899387882665425,0.2609911952346481
evaluate,14,2,"2,0",UP,UP,exploit,-0.04,"1,0",False,0.0,0.41109452673478036,0.3913278557111915,-0.019766671023588867,0.41109452673478036
evaluate,14,3,"1,0",UP,UP,exploit,-0.04,"0,0",False,0.0,0.479253173012435,0.5096088278373129,0.030355654824877898,0.479253173012435
evaluate,14,4,"0,0",RIGHT,RIGHT,exploit,-0.04,"0,1",False,0.0,0.6106764753747921,0.6844599470280857,0.07378347165329358,0.6106764753747921
evaluate,14,5,"0,1",RIGHT,RIGHT,exploit,-0.04,"0,2",False,0.0,0.8049554966978729,0.8471490876155847,0.0421935909177118,0.8049554966978729
evaluate,14,6,"0,2",RIGHT,RIGHT,exploit,1.0,"0,3",True,0.0,0.9857212084617608,1.0,0.014278791538239188,0.9857212084617608
evaluate,15,1,"3,0",UP,UP,exploit,-0.04,"2,0",False,0.0,0.2609911952346481,0.32998507406130234,0.06899387882665425,0.2609911952346481
evaluate,15,2,"2,0",UP,UP,exploit,-0.04,"1,0",False,0.0,0.41109452673478036,0.3913278557111915,-0.019766671023588867,0.41109452673478036
evaluate,15,3,"1,0",UP,UP,exploit,-0.04,"0,0",False,0.0,0.479253173012435,0.5096088278373129,0.030355654824877898,0.479253173012435
evaluate,15,4,"0,0",RIGHT,RIGHT,exploit,-0.04,"0,1",False,0.0,0.6106764753747921,0.6844599470280857,0.07378347165329358,0.6106764753747921
evaluate,15,5,"0,1",RIGHT,RIGHT,exploit,-0.04,"0,2",False,0.0,0.8049554966978729,0.8471490876155847,0.0421935909177118,0.8049554966978729
evaluate,15,6,"0,2",RIGHT,RIGHT,exploit,1.0,"0,3",True,0.0,0.9857212084617608,1.0,0.014278791538239188,0.9857212084617608
evaluate,16,1,"3,0",UP,LEFT,exploit,-0.2,"3,0",False,0.0,0.2609911952346481,0.034892075711183274,-0.22609911952346481,0.2609911952346481
evaluate,16,2,"3,0",UP,UP,exploit,-0.04,"2,0",False,0.0,0.2609911952346481,0.32998507406130234,0.06899387882665425,0.2609911952346481
evaluate,16,3,"2,0",UP,UP,exploit,-0.04,"1,0",False,0.0,0.41109452673478036,0.3913278557111915,-0.019766671023588867,0.41109452673478036
evaluate,16,4,"1,0",UP,LEFT,exploit,-0.2,"1,0",False,0.0,0.479253173012435,0.23132785571119147,-0.2479253173012435,0.479253173012435
evaluate,16,5,"1,0",UP,UP,exploit,-0.04,"0,0",False,0.0,0.479253173012435,0.5096088278373129,0.030355654824877898,0.479253173012435
evaluate,16,6,"0,0",RIGHT,RIGHT,exploit,-0.04,"0,1",False,0.0,0.6106764753747921,0.6844599470280857,0.07378347165329358,0.6106764753747921
evaluate,16,7,"0,1",RIGHT,RIGHT,exploit,-0.04,"0,2",False,0.0,0.8049554966978729,0.8471490876155847,0.0421935909177118,0.8049554966978729
evaluate,16,8,"0,2",RIGHT,RIGHT,exploit,1.0,"0,3",True,0.0,0.9857212084617608,1.0,0.014278791538239188,0.9857212084617608
evaluate,17,1,"3,0",UP,LEFT,exploit,-0.2,"3,0",False,0.0,0.2609911952346481,0.034892075711183274,-0.22609911952346481,0.2609911952346481
evaluate,17,2,"3,0",UP,RIGHT,exploit,-0.04,"3,1",False,0.0,0.2609911952346481,-0.2935337100982155,-0.5545249053328636,0.2609911952346481
evaluate,17,3,"3,1",LEFT,LEFT,exploit,-0.04,"3,0",False,0.0,-0.28170412233135056,0.19489207571118328,0.47659619804253384,-0.28170412233135056
evaluate,17,4,"3,0",UP,LEFT,exploit,-0.2,"3,0",False,0.0,0.2609911952346481,0.034892075711183274,-0.22609911952346481,0.2609911952346481
evaluate,17,5,"3,0",UP,UP,exploit,-0.04,"2,0",False,0.0,0.2609911952346481,0.32998507406130234,0.06899387882665425,0.2609911952346481
evaluate,17,6,"2,0",UP,UP,exploit,-0.04,"1,0",False,0.0,0.41109452673478036,0.3913278557111915,-0.019766671023588867,0.41109452673478036
evaluate,17,7,"1,0",UP,UP,exploit,-0.04,"0,0",False,0.0,0.479253173012435,0.5096088278373129,0.030355654824877898,0.479253173012435
evaluate,17,8,"0,0",RIGHT,DOWN,exploit,-0.04,"1,0",False,0.0,0.6106764753747921,0.3913278557111915,-0.21934861966360059,0.6106764753747921
evaluate,17,9,"1,0",UP,UP,exploit,-0.04,"0,0",False,0.0,0.479253173012435,0.5096088278373129,0.030355654824877898,0.479253173012435
evaluate,17,10,"0,0",RIGHT,UP,exploit,-0.2,"0,0",False,0.0,0.6106764753747921,0.3496088278373129,-0.2610676475374792,0.6106764753747921
evaluate,17,11,"0,0",RIGHT,RIGHT,exploit,-0.04,"0,1",False,0.0,0.6106764753747921,0.6844599470280857,0.07378347165329358,0.6106764753747921
evaluate,17,12,"0,1",RIGHT,RIGHT,exploit,-0.04,"0,2",False,0.0,0.8049554966978729,0.8471490876155847,0.0421935909177118,0.8049554966978729
evaluate,17,13,"0,2",RIGHT,RIGHT,exploit,1.0,"0,3",True,0.0,0.9857212084617608,1.0,0.014278791538239188,0.9857212084617608
evaluate,18,1,"3,0",UP,UP,exploit,-0.04,"2,0",False,0.0,0.2609911952346481,0.32998507406130234,0.06899387882665425,0.2609911952346481
evaluate,18,2,"2,0",UP,UP,exploit,-0.04,"1,0",False,0.0,0.41109452673478036,0.3913278557111915,-0.019766671023588867,0.41109452673478036
evaluate,18,3,"1,0",UP,UP,exploit,-0.04,"0,0",False,0.0,0.479253173012435,0.5096088278373129,0.030355654824877898,0.479253173012435
evaluate,18,4,"0,0",RIGHT,RIGHT,exploit,-0.04,"0,1",False,0.0,0.6106764753747921,0.6844599470280857,0.07378347165329358,0.6106764753747921
evaluate,18,5,"0,1",RIGHT,RIGHT,exploit,-0.04,"0,2",False,0.0,0.8049554966978729,0.8471490876155847,0.0421935909177118,0.8049554966978729
evaluate,18,6,"0,2",RIGHT,RIGHT,exploit,1.0,"0,3",True,0.0,0.9857212084617608,1.0,0.014278791538239188,0.9857212084617608
evaluate,19,1,"3,0",UP,RIGHT,exploit,-0.04,"3,1",False,0.0,0.2609911952346481,-0.2935337100982155,-0.5545249053328636,0.2609911952346481
evaluate,19,2,"3,1",LEFT,LEFT,exploit,-0.04,"3,0",False,0.0,-0.28170412233135056,0.19489207571118328,0.47659619804253384,-0.28170412233135056
evaluate,19,3,"3,0",UP,UP,exploit,-0.04,"2,0",False,0.0,0.2609911952346481,0.32998507406130234,0.06899387882665425,0.2609911952346481
evaluate,19,4,"2,0",UP,UP,exploit,-0.04,"1,0",False,0.0,0.41109452673478036,0.3913278557111915,-0.019766671023588867,0.41109452673478036
evaluate,19,5,"1,0",UP,LEFT,exploit,-0.2,"1,0",False,0.0,0.479253173012435,0.23132785571119147,-0.2479253173012435,0.479253173012435
evaluate,19,6,"1,0",UP,UP,exploit,-0.04,"0,0",False,0.0,0.479253173012435,0.5096088278373129,0.030355654824877898,0.479253173012435
evaluate,19,7,"0,0",RIGHT,RIGHT,exploit,-0.04,"0,1",False,0.0,0.6106764753747921,0.6844599470280857,0.07378347165329358,0.6106764753747921
evaluate,19,8,"0,1",RIGHT,RIGHT,exploit,-0.04,"0,2",False,0.0,0.8049554966978729,0.8471490876155847,0.0421935909177118,0.8049554966978729
evaluate,19,9,"0,2",RIGHT,RIGHT,exploit,1.0,"0,3",True,0.0,0.9857212084617608,1.0,0.014278791538239188,0.9857212084617608
evaluate,20,1,"3,0",UP,UP,exploit,-0.04,"2,0",False,0.0,0.2609911952346481,0.32998507406130234,0.06899387882665425,0.2609911952346481
evaluate,20,2,"2,0",UP,UP,exploit,-0.04,"1,0",False,0.0,0.41109452673478036,0.3913278557111915,-0.019766671023588867,0.41109452673478036
evaluate,20,3,"1,0",UP,UP,exploit,-0.04,"0,0",False,0.0,0.479253173012435,0.5096088278373129,0.030355654824877898,0.479253173012435
evaluate,20,4,"0,0",RIGHT,DOWN,exploit,-0.04,"1,0",False,0.0,0.6106764753747921,0.3913278557111915,-0.21934861966360059,0.6106764753747921
evaluate,20,5,"1,0",UP,UP,exploit,-0.04,"0,0",False,0.0,0.479253173012435,0.5096088278373129,0.030355654824877898,0.479253173012435
evaluate,20,6,"0,0",RIGHT,RIGHT,exploit,-0.04,"0,1",False,0.0,0.6106764753747921,0.6844599470280857,0.07378347165329358,0.6106764753747921
evaluate,20,7,"0,1",RIGHT,RIGHT,exploit,-0.04,"0,2",False,0.0,0.8049554966978729,0.8471490876155847,0.0421935909177118,0.8049554966978729
evaluate,20,8,"0,2",RIGHT,RIGHT,exploit,1.0,"0,3",True,0.0,0.9857212084617608,1.0,0.014278791538239188,0.9857212084617608
