phase,episode,step,state,selected_action,executed_action,mode,reward,next_state,terminal,epsilon,old_q,target,td_error,new_q
train,1,1,"3,0",DOWN,DOWN,explore,-0.2,"3,0",False,0.4,0.0,-0.2,-0.2,-0.1
train,1,2,"3,0",UP,UP,explore,-0.04,"2,0",False,0.4,0.0,-0.04,-0.04,-0.02
train,1,3,"2,0",DOWN,LEFT,explore,-0.2,"2,0",False,0.4,0.0,-0.2,-0.2,-0.1
train,1,4,"2,0",UP,UP,exploit,-0.04,"1,0",False,0.4,0.0,-0.04,-0.04,-0.02
train,1,5,"1,0",UP,LEFT,exploit,-0.2,"1,0",False,0.4,0.0,-0.2,-0.2,-0.1
train,1,6,"1,0",DOWN,DOWN,exploit,-0.04,"2,0",False,0.4,0.0,-0.04,-0.04,-0.02
train,1,7,"2,0",LEFT,UP,exploit,-0.04,"1,0",False,0.4,0.0,-0.04,-0.04,-0.02
train,1,8,"1,0",DOWN,RIGHT,explore,-0.2,"1,0",False,0.4,-0.02,-0.2,-0.18000000000000002,-0.11000000000000001
train,1,9,"1,0",DOWN,DOWN,explore,-0.04,"2,0",False,0.4,-0.11000000000000001,-0.04,0.07,-0.07500000000000001
train,1,10,"2,0",RIGHT,RIGHT,exploit,-0.2,"2,0",False,0.4,0.0,-0.2,-0.2,-0.1
train,1,11,"2,0",UP,LEFT,exploit,-0.2,"2,0",False,0.4,-0.02,-0.21800000000000003,-0.19800000000000004,-0.11900000000000002
train,1,12,"2,0",UP,UP,explore,-0.04,"1,0",False,0.4,-0.11900000000000002,-0.04,0.07900000000000001,-0.07950000000000002
train,1,13,"1,0",LEFT,LEFT,exploit,-0.2,"1,0",False,0.4,0.0,-0.2,-0.2,-0.1
train,1,14,"1,0",RIGHT,RIGHT,exploit,-0.2,"1,0",False,0.4,0.0,-0.2,-0.2,-0.1
train,1,15,"1,0",DOWN,DOWN,exploit,-0.04,"2,0",False,0.4,-0.07500000000000001,-0.058,0.017000000000000008,-0.0665
train,1,16,"2,0",DOWN,DOWN,explore,-0.04,"3,0",False,0.4,-0.1,-0.04,0.060000000000000005,-0.07
train,1,17,"3,0",LEFT,LEFT,exploit,-0.2,"3,0",False,0.4,0.0,-0.2,-0.2,-0.1
train,1,18,"3,0",RIGHT,RIGHT,exploit,-0.04,"3,1",False,0.4,0.0,-0.04,-0.04,-0.02
train,1,19,"3,1",UP,UP,exploit,-0.2,"3,1",False,0.4,0.0,-0.2,-0.2,-0.1
train,1,20,"3,1",UP,RIGHT,explore,-0.04,"3,2",False,0.4,-0.1,-0.04,0.060000000000000005,-0.07
train,1,21,"3,2",LEFT,LEFT,explore,-0.04,"3,1",False,0.4,0.0,-0.04,-0.04,-0.02
train,1,22,"3,1",DOWN,RIGHT,exploit,-0.04,"3,2",False,0.4,0.0,-0.04,-0.04,-0.02
train,1,23,"3,2",UP,UP,exploit,-1.0,"2,2",True,0.4,0.0,-1.0,-1.0,-0.5
train,2,1,"3,0",UP,UP,exploit,-0.04,"2,0",False,0.3940677966101695,-0.02,-0.058,-0.038000000000000006,-0.03900000000000001
train,2,2,"2,0",LEFT,LEFT,exploit,-0.2,"2,0",False,0.3940677966101695,-0.02,-0.21800000000000003,-0.19800000000000004,-0.11900000000000002
train,2,3,"2,0",DOWN,DOWN,exploit,-0.04,"3,0",False,0.3940677966101695,-0.07,-0.058,0.012000000000000004,-0.064
train,2,4,"3,0",RIGHT,RIGHT,exploit,-0.04,"3,1",False,0.3940677966101695,-0.02,-0.04,-0.02,-0.03
train,2,5,"3,1",LEFT,LEFT,exploit,-0.04,"3,0",False,0.3940677966101695,0.0,-0.067,-0.067,-0.0335
train,2,6,"3,0",LEFT,LEFT,explore,-0.2,"3,0",False,0.3940677966101695,-0.1,-0.227,-0.127,-0.1635
train,2,7,"3,0",RIGHT,RIGHT,exploit,-0.04,"3,1",False,0.3940677966101695,-0.03,-0.04,-0.010000000000000002,-0.035
train,2,8,"3,1",RIGHT,RIGHT,explore,-0.04,"3,2",False,0.3940677966101695,0.0,-0.04,-0.04,-0.02
train,2,9,"3,2",RIGHT,RIGHT,explore,-0.04,"3,3",False,0.3940677966101695,0.0,-0.04,-0.04,-0.02
train,2,10,"3,3",UP,UP,exploit,-0.04,"2,3",False,0.3940677966101695,0.0,-0.04,-0.04,-0.02
train,2,11,"2,3",LEFT,DOWN,explore,-0.04,"3,3",False,0.3940677966101695,0.0,-0.04,-0.04,-0.02
train,2,12,"3,3",DOWN,DOWN,exploit,-0.2,"3,3",False,0.3940677966101695,0.0,-0.2,-0.2,-0.1
train,2,13,"3,3",LEFT,LEFT,exploit,-0.04,"3,2",False,0.3940677966101695,0.0,-0.04,-0.04,-0.02
train,2,14,"3,2",DOWN,DOWN,exploit,-0.2,"3,2",False,0.3940677966101695,0.0,-0.2,-0.2,-0.1
train,2,15,"3,2",RIGHT,RIGHT,explore,-0.04,"3,3",False,0.3940677966101695,-0.02,-0.04,-0.02,-0.03
train,2,16,"3,3",RIGHT,RIGHT,explore,-0.2,"3,3",False,0.3940677966101695,0.0,-0.2,-0.2,-0.1
train,2,17,"3,3",UP,UP,exploit,-0.04,"2,3",False,0.3940677966101695,-0.02,-0.04,-0.02,-0.03
train,2,18,"2,3",UP,UP,explore,-0.04,"1,3",False,0.3940677966101695,0.0,-0.04,-0.04,-0.02
train,2,19,"1,3",DOWN,RIGHT,explore,-0.2,"1,3",False,0.3940677966101695,0.0,-0.2,-0.2,-0.1
train,2,20,"1,3",UP,RIGHT,explore,-0.2,"1,3",False,0.3940677966101695,0.0,-0.2,-0.2,-0.1
train,2,21,"1,3",LEFT,LEFT,exploit,-0.04,"1,2",False,0.3940677966101695,0.0,-0.04,-0.04,-0.02
train,2,22,"1,2",UP,UP,explore,-0.04,"0,2",False,0.3940677966101695,0.0,-0.04,-0.04,-0.02
train,2,23,"0,2",UP,UP,exploit,-0.2,"0,2",False,0.3940677966101695,0.0,-0.2,-0.2,-0.1
train,2,24,"0,2",DOWN,DOWN,exploit,-0.04,"1,2",False,0.3940677966101695,0.0,-0.04,-0.04,-0.02
train,2,25,"1,2",DOWN,DOWN,exploit,-1.0,"2,2",True,0.3940677966101695,0.0,-1.0,-1.0,-0.5
train,3,1,"3,0",RIGHT,RIGHT,exploit,-0.04,"3,1",False,0.388135593220339,-0.035,-0.058,-0.023,-0.0465
train,3,2,"3,1",DOWN,DOWN,explore,-0.2,"3,1",False,0.388135593220339,-0.02,-0.21800000000000003,-0.19800000000000004,-0.11900000000000002
train,3,3,"3,1",UP,LEFT,explore,-0.04,"3,0",False,0.388135593220339,-0.07,-0.0751,-0.005099999999999993,-0.07255
train,3,4,"3,0",UP,UP,exploit,-0.04,"2,0",False,0.388135593220339,-0.03900000000000001,-0.0976,-0.0586,-0.0683
train,3,5,"2,0",DOWN,RIGHT,exploit,-0.2,"2,0",False,0.388135593220339,-0.064,-0.2576,-0.1936,-0.1608
train,3,6,"2,0",UP,RIGHT,exploit,-0.2,"2,0",False,0.388135593220339,-0.07950000000000002,-0.27155,-0.19205,-0.17552500000000001
train,3,7,"2,0",RIGHT,RIGHT,exploit,-0.2,"2,0",False,0.388135593220339,-0.1,-0.29000000000000004,-0.19000000000000003,-0.195
train,3,8,"2,0",LEFT,UP,exploit,-0.04,"1,0",False,0.388135593220339,-0.11900000000000002,-0.09985000000000001,0.019150000000000014,-0.10942500000000002
train,3,9,"1,0",DOWN,DOWN,exploit,-0.04,"2,0",False,0.388135593220339,-0.0665,-0.13848250000000004,-0.07198250000000003,-0.10249125000000002
train,3,10,"2,0",LEFT,DOWN,exploit,-0.04,"3,0",False,0.388135593220339,-0.10942500000000002,-0.08185,0.027575000000000016,-0.09563750000000001
train,3,11,"3,0",RIGHT,RIGHT,exploit,-0.04,"3,1",False,0.388135593220339,-0.0465,-0.058,-0.011500000000000003,-0.052250000000000005
train,3,12,"3,1",RIGHT,RIGHT,exploit,-0.04,"3,2",False,0.388135593220339,-0.02,-0.058,-0.038000000000000006,-0.03900000000000001
train,3,13,"3,2",LEFT,LEFT,exploit,-0.04,"3,1",False,0.388135593220339,-0.02,-0.07015,-0.05015,-0.045075000000000004
train,3,14,"3,1",LEFT,LEFT,exploit,-0.04,"3,0",False,0.388135593220339,-0.0335,-0.087025,-0.053525,-0.060262500000000004
train,3,15,"3,0",RIGHT,RIGHT,exploit,-0.04,"3,1",False,0.388135593220339,-0.052250000000000005,-0.0751,-0.022849999999999995,-0.06367500000000001
train,3,16,"3,1",RIGHT,RIGHT,exploit,-0.04,"3,2",False,0.388135593220339,-0.03900000000000001,-0.067,-0.027999999999999997,-0.053000000000000005
train,3,17,"3,2",RIGHT,DOWN,exploit,-0.2,"3,2",False,0.388135593220339,-0.03,-0.227,-0.197,-0.1285
train,3,18,"3,2",LEFT,LEFT,exploit,-0.04,"3,1",False,0.388135593220339,-0.045075000000000004,-0.0877,-0.042624999999999996,-0.0663875
train,3,19,"3,1",DOWN,DOWN,explore,-0.2,"3,1",False,0.388135593220339,-0.11900000000000002,-0.24770000000000003,-0.1287,-0.18335
train,3,20,"3,1",RIGHT,RIGHT,exploit,-0.04,"3,2",False,0.388135593220339,-0.053000000000000005,-0.09974875,-0.04674874999999999,-0.076374375
train,3,21,"3,2",DOWN,DOWN,explore,-0.2,"3,2",False,0.388135593220339,-0.1,-0.25974875000000003,-0.15974875000000002,-0.17987437500000003
train,3,22,"3,2",LEFT,LEFT,exploit,-0.04,"3,1",False,0.388135593220339,-0.0663875,-0.09423625000000001,-0.027848750000000005,-0.080311875
train,3,23,"3,1",RIGHT,RIGHT,explore,-0.04,"3,2",False,0.388135593220339,-0.076374375,-0.1122806875,-0.03590631250000001,-0.09432753125
train,3,24,"3,2",UP,UP,explore,-1.0,"2,2",True,0.388135593220339,-0.5,-1.0,-0.5,-0.75
train,4,1,"3,0",RIGHT,RIGHT,exploit,-0.04,"3,1",False,0.3822033898305085,-0.06367500000000001,-0.09423625000000001,-0.030561249999999998,-0.078955625
train,4,2,"3,1",LEFT,LEFT,exploit,-0.04,"3,0",False,0.3822033898305085,-0.060262500000000004,-0.10147,-0.0412075,-0.08086625
train,4,3,"3,0",UP,UP,exploit,-0.04,"2,0",False,0.3822033898305085,-0.0683,-0.12607375,-0.05777375000000001,-0.097186875
train,4,4,"2,0",LEFT,DOWN,explore,-0.04,"3,0",False,0.3822033898305085,-0.09563750000000001,-0.1110600625,-0.015422562499999987,-0.10334878125000001
train,4,5,"3,0",DOWN,DOWN,explore,-0.2,"3,0",False,0.3822033898305085,-0.1,-0.27106006250000003,-0.17106006250000003,-0.18553003125
train,4,6,"3,0",RIGHT,RIGHT,exploit,-0.04,"3,1",False,0.3822033898305085,-0.078955625,-0.105295,-0.026339374999999998,-0.0921253125
train,4,7,"3,1",UP,RIGHT,exploit,-0.04,"3,2",False,0.3822033898305085,-0.07255,-0.1122806875,-0.0397306875,-0.09241534375
train,4,8,"3,2",LEFT,DOWN,exploit,-0.2,"3,2",False,0.3822033898305085,-0.080311875,-0.2722806875,-0.1919688125,-0.17629628125000002
train,4,9,"3,2",RIGHT,RIGHT,exploit,-0.04,"3,3",False,0.3822033898305085,-0.1285,-0.058,0.07050000000000001,-0.09325
train,4,10,"3,3",LEFT,LEFT,exploit,-0.04,"3,2",False,0.3822033898305085,-0.02,-0.12392500000000001,-0.103925,-0.0719625
train,4,11,"3,2",LEFT,UP,explore,-1.0,"2,2",True,0.3822033898305085,-0.17629628125000002,-1.0,-0.82370371875,-0.588148140625
train,5,1,"3,0",RIGHT,RIGHT,exploit,-0.04,"3,1",False,0.376271186440678,-0.0921253125,-0.112779625,-0.020654312499999994,-0.10245246875
train,5,2,"3,1",DOWN,DOWN,explore,-0.2,"3,1",False,0.376271186440678,-0.18335,-0.272779625,-0.08942962500000001,-0.22806481250000002
train,5,3,"3,1",DOWN,DOWN,explore,-0.2,"3,1",False,0.376271186440678,-0.22806481250000002,-0.272779625,-0.044714812500000006,-0.25042221875000004
train,5,4,"3,1",LEFT,LEFT,exploit,-0.04,"3,0",False,0.376271186440678,-0.08086625,-0.1274681875,-0.046601937499999996,-0.10416721875
train,5,5,"3,0",UP,UP,exploit,-0.04,"2,0",False,0.376271186440678,-0.097186875,-0.133013903125,-0.03582702812499999,-0.1151003890625
train,5,6,"2,0",LEFT,LEFT,exploit,-0.2,"2,0",False,0.376271186440678,-0.10334878125000001,-0.29301390312500003,-0.189665121875,-0.1981813421875
train,5,7,"2,0",DOWN,RIGHT,explore,-0.2,"2,0",False,0.376271186440678,-0.1608,-0.34472,-0.18392000000000003,-0.25276
train,5,8,"2,0",UP,UP,exploit,-0.04,"1,0",False,0.376271186440678,-0.17552500000000001,-0.13,0.04552500000000001,-0.15276250000000002
train,5,9,"1,0",UP,UP,exploit,-0.04,"0,0",False,0.376271186440678,-0.1,-0.04,0.060000000000000005,-0.07
train,5,10,"0,0",UP,UP,exploit,-0.2,"0,0",False,0.376271186440678,0.0,-0.2,-0.2,-0.1
train,5,11,"0,0",LEFT,LEFT,explore,-0.2,"0,0",False,0.376271186440678,0.0,-0.2,-0.2,-0.1
train,5,12,"0,0",DOWN,DOWN,exploit,-0.04,"1,0",False,0.376271186440678,0.0,-0.10300000000000001,-0.10300000000000001,-0.051500000000000004
train,5,13,"1,0",UP,UP,exploit,-0.04,"0,0",False,0.376271186440678,-0.07,-0.04,0.030000000000000006,-0.05500000000000001
train,5,14,"0,0",LEFT,LEFT,explore,-0.2,"0,0",False,0.376271186440678,-0.1,-0.2,-0.1,-0.15000000000000002
train,5,15,"0,0",RIGHT,RIGHT,exploit,-0.04,"0,1",False,0.376271186440678,0.0,-0.04,-0.04,-0.02
train,5,16,"0,1",UP,UP,exploit,-0.2,"0,1",False,0.376271186440678,0.0,-0.2,-0.2,-0.1
train,5,17,"0,1",DOWN,RIGHT,exploit,-0.04,"0,2",False,0.376271186440678,0.0,-0.04,-0.04,-0.02
train,5,18,"0,2",LEFT,UP,exploit,-0.2,"0,2",False,0.376271186440678,0.0,-0.2,-0.2,-0.1
train,5,19,"0,2",RIGHT,RIGHT,exploit,1.0,"0,3",True,0.376271186440678,0.0,1.0,1.0,0.5
train,6,1,"3,0",RIGHT,UP,exploit,-0.04,"2,0",False,0.37033898305084745,-0.10245246875,-0.17748625000000004,-0.07503378125000004,-0.13996935937500002
train,6,2,"2,0",UP,UP,exploit,-0.04,"1,0",False,0.37033898305084745,-0.15276250000000002,-0.08950000000000001,0.06326250000000001,-0.12113125000000002
train,6,3,"1,0",UP,UP,exploit,-0.04,"0,0",False,0.37033898305084745,-0.05500000000000001,-0.058,-0.0029999999999999957,-0.05650000000000001
train,6,4,"0,0",RIGHT,RIGHT,exploit,-0.04,"0,1",False,0.37033898305084745,-0.02,-0.04,-0.02,-0.03
train,6,5,"0,1",LEFT,DOWN,exploit,-0.2,"0,1",False,0.37033898305084745,0.0,-0.2,-0.2,-0.1
train,6,6,"0,1",LEFT,DOWN,explore,-0.2,"0,1",False,0.37033898305084745,-0.1,-0.2,-0.1,-0.15000000000000002
train,6,7,"0,1",RIGHT,RIGHT,exploit,-0.04,"0,2",False,0.37033898305084745,0.0,0.41000000000000003,0.41000000000000003,0.20500000000000002
train,6,8,"0,2",RIGHT,RIGHT,exploit,1.0,"0,3",True,0.37033898305084745,0.5,1.0,0.5,0.75
train,7,1,"3,0",UP,UP,exploit,-0.04,"2,0",False,0.364406779661017,-0.1151003890625,-0.14901812500000003,-0.033917735937500026,-0.13205925703125002
train,7,2,"2,0",UP,UP,exploit,-0.04,"1,0",False,0.364406779661017,-0.12113125000000002,-0.09085000000000001,0.03028125000000001,-0.10599062500000002
train,7,3,"1,0",UP,UP,exploit,-0.04,"0,0",False,0.364406779661017,-0.05650000000000001,-0.067,-0.010499999999999995,-0.061750000000000006
train,7,4,"0,0",RIGHT,RIGHT,exploit,-0.04,"0,1",False,0.364406779661017,-0.03,0.14450000000000002,0.17450000000000002,0.05725000000000001
train,7,5,"0,1",RIGHT,RIGHT,exploit,-0.04,"0,2",False,0.364406779661017,0.20500000000000002,0.635,0.43,0.42000000000000004
train,7,6,"0,2",RIGHT,RIGHT,exploit,1.0,"0,3",True,0.364406779661017,0.75,1.0,0.25,0.875
train,8,1,"3,0",DOWN,DOWN,explore,-0.2,"3,0",False,0.35847457627118645,-0.18553003125,-0.31885333132812504,-0.13332330007812504,-0.25219168128906255
train,8,2,"3,0",UP,UP,explore,-0.04,"2,0",False,0.35847457627118645,-0.13205925703125002,-0.1353915625,-0.003332305468749991,-0.13372540976562503
train,8,3,"2,0",DOWN,DOWN,explore,-0.04,"3,0",False,0.35847457627118645,-0.25276,-0.16035286878906252,0.09240713121093747,-0.20655643439453125
train,8,4,"3,0",LEFT,LEFT,explore,-0.2,"3,0",False,0.35847457627118645,-0.1635,-0.32035286878906255,-0.15685286878906254,-0.24192643439453126
train,8,5,"3,0",UP,UP,exploit,-0.04,"2,0",False,0.35847457627118645,-0.13372540976562503,-0.1353915625,-0.0016661527343749816,-0.13455848613281252
train,8,6,"2,0",UP,UP,exploit,-0.04,"1,0",False,0.35847457627118645,-0.10599062500000002,-0.09557500000000001,0.010415625000000012,-0.10078281250000001
train,8,7,"1,0",DOWN,DOWN,explore,-0.04,"2,0",False,0.35847457627118645,-0.10249125000000002,-0.13070453125,-0.028213281249999986,-0.116597890625
train,8,8,"2,0",UP,UP,explore,-0.04,"1,0",False,0.35847457627118645,-0.10078281250000001,-0.09557500000000001,0.005207812500000006,-0.09817890625
train,8,9,"1,0",UP,UP,exploit,-0.04,"0,0",False,0.35847457627118645,-0.061750000000000006,0.011525000000000007,0.073275,-0.025112500000000003
train,8,10,"0,0",RIGHT,RIGHT,exploit,-0.04,"0,1",False,0.35847457627118645,0.05725000000000001,0.3380000000000001,0.28075000000000006,0.19762500000000005
train,8,11,"0,1",RIGHT,RIGHT,exploit,-0.04,"0,2",False,0.35847457627118645,0.42000000000000004,0.7474999999999999,0.3274999999999999,0.58375
train,8,12,"0,2",DOWN,DOWN,explore,-0.04,"1,2",False,0.35847457627118645,-0.02,-0.04,-0.02,-0.03
train,8,13,"1,2",LEFT,UP,explore,-0.04,"0,2",False,0.35847457627118645,0.0,0.7474999999999999,0.7474999999999999,0.37374999999999997
train,8,14,"0,2",RIGHT,DOWN,exploit,-0.04,"1,2",False,0.35847457627118645,0.875,0.296375,-0.578625,0.5856875
train,8,15,"1,2",LEFT,LEFT,exploit,-0.2,"1,2",False,0.35847457627118645,0.37374999999999997,0.13637499999999997,-0.237375,0.25506249999999997
train,8,16,"1,2",LEFT,DOWN,exploit,-1.0,"2,2",True,0.35847457627118645,0.25506249999999997,-1.0,-1.2550625,-0.37246875
train,9,1,"3,0",UP,RIGHT,exploit,-0.04,"3,1",False,0.3525423728813559,-0.13455848613281252,-0.123173809375,0.011384676757812517,-0.12886614775390626
train,9,2,"3,1",DOWN,DOWN,explore,-0.2,"3,1",False,0.3525423728813559,-0.25042221875000004,-0.28317380937500003,-0.03275159062499999,-0.26679801406250003
train,9,3,"3,1",RIGHT,RIGHT,explore,-0.04,"3,2",False,0.3525423728813559,-0.09432753125,-0.12392500000000001,-0.02959746875000001,-0.109126265625
train,9,4,"3,2",RIGHT,RIGHT,exploit,-0.04,"3,3",False,0.3525423728813559,-0.09325,-0.067,0.026249999999999996,-0.080125
train,9,5,"3,3",UP,UP,exploit,-0.04,"2,3",False,0.3525423728813559,-0.03,-0.04,-0.010000000000000002,-0.035
train,9,6,"2,3",DOWN,DOWN,exploit,-0.04,"3,3",False,0.3525423728813559,0.0,-0.07150000000000001,-0.07150000000000001,-0.035750000000000004
train,9,7,"3,3",LEFT,DOWN,explore,-0.2,"3,3",False,0.3525423728813559,-0.0719625,-0.2315,-0.1595375,-0.15173124999999998
train,9,8,"3,3",UP,LEFT,exploit,-0.04,"3,2",False,0.3525423728813559,-0.035,-0.1121125,-0.0771125,-0.07355625
train,9,9,"3,2",RIGHT,RIGHT,exploit,-0.04,"3,3",False,0.3525423728813559,-0.080125,-0.10620062499999999,-0.02607562499999999,-0.0931628125
train,9,10,"3,3",DOWN,RIGHT,explore,-0.2,"3,3",False,0.3525423728813559,-0.1,-0.266200625,-0.16620062500000002,-0.18310031250000003
train,9,11,"3,3",UP,UP,exploit,-0.04,"2,3",False,0.3525423728813559,-0.07355625,-0.04,0.03355625,-0.056778125
train,9,12,"2,3",RIGHT,RIGHT,exploit,-0.2,"2,3",False,0.3525423728813559,0.0,-0.2,-0.2,-0.1
train,9,13,"2,3",DOWN,RIGHT,explore,-0.2,"2,3",False,0.3525423728813559,-0.035750000000000004,-0.21800000000000003,-0.18225000000000002,-0.12687500000000002
train,9,14,"2,3",UP,UP,exploit,-0.04,"1,3",False,0.3525423728813559,-0.02,-0.04,-0.02,-0.03
train,9,15,"1,3",DOWN,DOWN,explore,-0.04,"2,3",False,0.3525423728813559,-0.1,-0.058,0.042,-0.079
train,9,16,"2,3",LEFT,LEFT,explore,-1.0,"2,2",True,0.3525423728813559,-0.02,-1.0,-0.98,-0.51
train,10,1,"3,0",RIGHT,RIGHT,explore,-0.04,"3,1",False,0.34661016949152545,-0.13996935937500002,-0.123173809375,0.01679555000000002,-0.131571584375
train,10,2,"3,1",LEFT,LEFT,explore,-0.04,"3,0",False,0.34661016949152545,-0.10416721875,-0.15597953297851563,-0.051812314228515635,-0.13007337586425782
train,10,3,"3,0",UP,LEFT,exploit,-0.2,"3,0",False,0.34661016949152545,-0.12886614775390626,-0.31597953297851566,-0.1871133852246094,-0.22242284036621096
train,10,4,"3,0",RIGHT,RIGHT,exploit,-0.04,"3,1",False,0.34661016949152545,-0.131571584375,-0.123173809375,0.008397774999999996,-0.127372696875
train,10,5,"3,1",RIGHT,RIGHT,explore,-0.04,"3,2",False,0.34661016949152545,-0.109126265625,-0.12384653125,-0.014720265625000006,-0.1164863984375
train,10,6,"3,2",RIGHT,RIGHT,exploit,-0.04,"3,3",False,0.34661016949152545,-0.0931628125,-0.0911003125,0.002062499999999995,-0.0921315625
train,10,7,"3,3",UP,UP,exploit,-0.04,"2,3",False,0.34661016949152545,-0.056778125,-0.067,-0.010221875000000005,-0.0618890625
train,10,8,"2,3",UP,UP,exploit,-0.04,"1,3",False,0.34661016949152545,-0.03,-0.04,-0.010000000000000002,-0.035
train,10,9,"1,3",RIGHT,RIGHT,exploit,-0.2,"1,3",False,0.34661016949152545,0.0,-0.2,-0.2,-0.1
train,10,10,"1,3",DOWN,DOWN,explore,-0.04,"2,3",False,0.34661016949152545,-0.079,-0.07150000000000001,0.007499999999999993,-0.07525000000000001
train,10,11,"2,3",UP,UP,exploit,-0.04,"1,3",False,0.34661016949152545,-0.035,-0.058,-0.023,-0.0465
train,10,12,"1,3",LEFT,LEFT,exploit,-0.04,"1,2",False,0.34661016949152545,-0.02,-0.04,-0.02,-0.03
train,10,13,"1,2",RIGHT,UP,exploit,-0.04,"0,2",False,0.34661016949152545,0.0,0.4871187500000001,0.4871187500000001,0.24355937500000005
train,10,14,"0,2",LEFT,LEFT,explore,-0.04,"0,1",False,0.34661016949152545,-0.1,0.48537500000000006,0.5853750000000001,0.19268750000000004
train,10,15,"0,1",RIGHT,RIGHT,explore,-0.04,"0,2",False,0.34661016949152545,0.58375,0.4871187500000001,-0.09663124999999989,0.535434375
train,10,16,"0,2",RIGHT,RIGHT,exploit,1.0,"0,3",True,0.34661016949152545,0.5856875,1.0,0.4143125,0.7928437500000001
train,11,1,"3,0",LEFT,DOWN,explore,-0.2,"3,0",False,0.34067796610169493,-0.24192643439453126,-0.31463542718750004,-0.07270899279296877,-0.2782809307910157
train,11,2,"3,0",RIGHT,DOWN,explore,-0.2,"3,0",False,0.34067796610169493,-0.127372696875,-0.31463542718750004,-0.18726273031250004,-0.22100406203125
train,11,3,"3,0",RIGHT,RIGHT,exploit,-0.04,"3,1",False,0.34067796610169493,-0.22100406203125,-0.123173809375,0.09783025265625,-0.172088935703125
train,11,4,"3,1",UP,UP,exploit,-0.2,"3,1",False,0.34067796610169493,-0.09241534375,-0.28317380937500003,-0.19075846562500004,-0.18779457656250004
train,11,5,"3,1",RIGHT,RIGHT,exploit,-0.04,"3,2",False,0.34067796610169493,-0.1164863984375,-0.12291840625,-0.006432007812500001,-0.11970240234375
train,11,6,"3,2",RIGHT,DOWN,exploit,-0.2,"3,2",False,0.34067796610169493,-0.0921315625,-0.28291840625000003,-0.19078684375000005,-0.18752498437500004
train,11,7,"3,2",LEFT,LEFT,explore,-0.04,"3,1",False,0.34067796610169493,-0.588148140625,-0.147732162109375,0.440415978515625,-0.3679401513671875
train,11,8,"3,1",UP,LEFT,explore,-0.04,"3,0",False,0.34067796610169493,-0.18779457656250004,-0.19488004213281251,-0.007085465570312477,-0.19133730934765628
train,11,9,"3,0",UP,UP,explore,-0.04,"2,0",False,0.34067796610169493,-0.22242284036621096,-0.12836101562500002,0.09406182474121094,-0.1753919279956055
train,11,10,"2,0",DOWN,RIGHT,explore,-0.2,"2,0",False,0.34067796610169493,-0.20655643439453125,-0.28836101562500005,-0.0818045812304688,-0.24745872500976565
train,11,11,"2,0",UP,UP,exploit,-0.04,"1,0",False,0.34067796610169493,-0.09817890625,-0.06260125,0.035577656250000006,-0.080390078125
train,11,12,"1,0",UP,UP,exploit,-0.04,"0,0",False,0.34067796610169493,-0.025112500000000003,0.13786250000000005,0.16297500000000006,0.05637500000000003
train,11,13,"0,0",RIGHT,UP,explore,-0.2,"0,0",False,0.34067796610169493,0.19762500000000005,-0.02213749999999995,-0.2197625,0.08774375000000005
train,11,14,"0,0",RIGHT,RIGHT,explore,-0.04,"0,1",False,0.34067796610169493,0.08774375000000005,0.4418909375,0.35414718749999996,0.26481734375000004
train,11,15,"0,1",RIGHT,UP,exploit,-0.2,"0,1",False,0.34067796610169493,0.535434375,0.2818909375,-0.2535434375,0.40866265625
train,11,16,"0,1",RIGHT,RIGHT,exploit,-0.04,"0,2",False,0.34067796610169493,0.40866265625,0.6735593750000001,0.2648967187500001,0.5411110156250001
train,11,17,"0,2",RIGHT,RIGHT,exploit,1.0,"0,3",True,0.34067796610169493,0.7928437500000001,1.0,0.20715624999999993,0.896421875
train,12,1,"3,0",RIGHT,RIGHT,exploit,-0.04,"3,1",False,0.3347457627118644,-0.172088935703125,-0.147732162109375,0.024356773593749992,-0.15991054890625
train,12,2,"3,1",DOWN,DOWN,explore,-0.2,"3,1",False,0.3347457627118644,-0.26679801406250003,-0.30773216210937504,-0.04093414804687501,-0.28726508808593754
train,12,3,"3,1",RIGHT,RIGHT,exploit,-0.04,"3,2",False,0.3347457627118644,-0.11970240234375,-0.20188693750000003,-0.08218453515625003,-0.16079466992187502
train,12,4,"3,2",DOWN,RIGHT,exploit,-0.04,"3,3",False,0.3347457627118644,-0.17987437500000003,-0.09570015625,0.08417421875000003,-0.13778726562500002
train,12,5,"3,3",UP,UP,exploit,-0.04,"2,3",False,0.3347457627118644,-0.0618890625,-0.08185,-0.019960937500000005,-0.07186953125000001
train,12,6,"2,3",UP,LEFT,exploit,-1.0,"2,2",True,0.3347457627118644,-0.0465,-1.0,-0.9535,-0.52325
train,13,1,"3,0",RIGHT,RIGHT,exploit,-0.04,"3,1",False,0.32881355932203393,-0.15991054890625,-0.15706603827783205,0.002844510628417951,-0.15848829359204103
train,13,2,"3,1",LEFT,LEFT,exploit,-0.04,"3,0",False,0.32881355932203393,-0.13007337586425782,-0.18263946423283695,-0.05256608836857912,-0.15635642004854738
train,13,3,"3,0",RIGHT,RIGHT,explore,-0.04,"3,1",False,0.32881355932203393,-0.15848829359204103,-0.18072077804369266,-0.02223248445165163,-0.16960453581786683
train,13,4,"3,1",LEFT,LEFT,explore,-0.04,"3,0",False,0.32881355932203393,-0.15635642004854738,-0.19264408223608015,-0.036287662187532765,-0.17450025114231377
train,13,5,"3,0",RIGHT,RIGHT,exploit,-0.04,"3,1",False,0.32881355932203393,-0.16960453581786683,-0.18471520292968754,-0.015110667111820714,-0.1771598693737772
train,13,6,"3,1",RIGHT,RIGHT,exploit,-0.04,"3,2",False,0.32881355932203393,-0.16079466992187502,-0.16400853906250001,-0.003213869140624992,-0.16240160449218752
train,13,7,"3,2",DOWN,LEFT,exploit,-0.04,"3,1",False,0.32881355932203393,-0.13778726562500002,-0.18616144404296878,-0.04837417841796876,-0.1619743548339844
train,13,8,"3,1",RIGHT,RIGHT,exploit,-0.04,"3,2",False,0.32881355932203393,-0.16240160449218752,-0.18577691935058596,-0.023375314858398444,-0.17408926192138674
train,13,9,"3,2",DOWN,RIGHT,exploit,-0.04,"3,3",False,0.32881355932203393,-0.1619743548339844,-0.10468257812500001,0.05729177670898439,-0.1333284664794922
train,13,10,"3,3",UP,UP,exploit,-0.04,"2,3",False,0.32881355932203393,-0.07186953125000001,-0.13,-0.05813046875,-0.100934765625
train,13,11,"2,3",RIGHT,RIGHT,exploit,-0.2,"2,3",False,0.32881355932203393,-0.1,-0.29000000000000004,-0.19000000000000003,-0.195
train,13,12,"2,3",RIGHT,DOWN,explore,-0.04,"3,3",False,0.32881355932203393,-0.195,-0.13,0.065,-0.1625
train,13,13,"3,3",RIGHT,UP,exploit,-0.04,"2,3",False,0.32881355932203393,-0.1,-0.1541875,-0.0541875,-0.12709375
train,13,14,"2,3",DOWN,DOWN,exploit,-0.04,"3,3",False,0.32881355932203393,-0.12687500000000002,-0.1308412890625,-0.003966289062499989,-0.12885814453125
train,13,15,"3,3",UP,UP,exploit,-0.04,"2,3",False,0.32881355932203393,-0.100934765625,-0.155972330078125,-0.05503756445312499,-0.1284535478515625
train,13,16,"2,3",DOWN,RIGHT,exploit,-0.2,"2,3",False,0.32881355932203393,-0.12885814453125,-0.31597233007812503,-0.18711418554687503,-0.2224152373046875
train,13,17,"2,3",UP,UP,explore,-0.04,"1,3",False,0.32881355932203393,-0.52325,-0.067,0.45625,-0.29512499999999997
train,13,18,"1,3",RIGHT,DOWN,explore,-0.04,"2,3",False,0.32881355932203393,-0.1,-0.18625000000000003,-0.08625000000000002,-0.143125
train,13,19,"2,3",RIGHT,RIGHT,exploit,-0.2,"2,3",False,0.32881355932203393,-0.1625,-0.34625000000000006,-0.18375000000000005,-0.254375
train,13,20,"2,3",DOWN,DOWN,exploit,-0.04,"3,3",False,0.32881355932203393,-0.2224152373046875,-0.15438437500000002,0.0680308623046875,-0.18839980615234375
train,13,21,"3,3",UP,RIGHT,explore,-0.2,"3,3",False,0.32881355932203393,-0.1284535478515625,-0.31438437500000005,-0.18593082714843756,-0.22141896142578127
train,13,22,"3,3",RIGHT,DOWN,exploit,-0.2,"3,3",False,0.32881355932203393,-0.12709375,-0.31438437500000005,-0.18729062500000004,-0.22073906250000003
train,13,23,"3,3",LEFT,LEFT,exploit,-0.04,"3,2",False,0.32881355932203393,-0.15173124999999998,-0.15999561983154298,-0.008264369831542995,-0.15586343491577148
train,13,24,"3,2",RIGHT,RIGHT,explore,-0.04,"3,3",False,0.32881355932203393,-0.18752498437500004,-0.18027709142419435,0.00724789295080569,-0.1839010378995972
train,13,25,"3,3",RIGHT,RIGHT,explore,-0.2,"3,3",False,0.32881355932203393,-0.22073906250000003,-0.3402770914241944,-0.11953802892419435,-0.28050807696209723
train,14,1,"3,0",UP,UP,exploit,-0.04,"2,0",False,0.3228813559322034,-0.1753919279956055,-0.1123510703125,0.0630408576831055,-0.14387149915405273
train,14,2,"2,0",UP,UP,exploit,-0.04,"1,0",False,0.3228813559322034,-0.080390078125,0.010737500000000025,0.09112757812500002,-0.03482628906249999
train,14,3,"1,0",LEFT,UP,explore,-0.04,"0,0",False,0.3228813559322034,-0.1,0.19833560937500003,0.29833560937500003,0.04916780468750001
train,14,4,"0,0",RIGHT,UP,exploit,-0.2,"0,0",False,0.3228813559322034,0.26481734375000004,0.038335609375000024,-0.22648173437500002,0.15157647656250003
train,14,5,"0,0",RIGHT,RIGHT,exploit,-0.04,"0,1",False,0.3228813559322034,0.15157647656250003,0.4469999140625001,0.2954234375000001,0.29928819531250006
train,14,6,"0,1",LEFT,UP,explore,-0.2,"0,1",False,0.3228813559322034,-0.15000000000000002,0.2869999140625001,0.4369999140625001,0.06849995703125003
train,14,7,"0,1",RIGHT,RIGHT,exploit,-0.04,"0,2",False,0.3228813559322034,0.5411110156250001,0.7667796875,0.22566867187499995,0.6539453515625
train,14,8,"0,2",RIGHT,RIGHT,exploit,1.0,"0,3",True,0.3228813559322034,0.896421875,1.0,0.10357812499999997,0.9482109375000001
train,15,1,"3,0",UP,UP,explore,-0.04,"2,0",False,0.3169491525423729,-0.14387149915405273,-0.07134366015624999,0.07252783899780274,-0.10760757965515136
train,15,2,"2,0",LEFT,LEFT,explore,-0.2,"2,0",False,0.3169491525423729,-0.1981813421875,-0.23134366015625,-0.033162317968749994,-0.214762501171875
train,15,3,"2,0",LEFT,LEFT,explore,-0.2,"2,0",False,0.3169491525423729,-0.214762501171875,-0.23134366015625,-0.016581158984374983,-0.2230530806640625
train,15,4,"2,0",LEFT,LEFT,explore,-0.2,"2,0",False,0.3169491525423729,-0.2230530806640625,-0.23134366015625,-0.008290579492187505,-0.22719837041015623
train,15,5,"2,0",UP,RIGHT,exploit,-0.2,"2,0",False,0.3169491525423729,-0.03482628906249999,-0.23134366015625,-0.19651737109375,-0.133084974609375
train,15,6,"2,0",UP,UP,exploit,-0.04,"1,0",False,0.3169491525423729,-0.133084974609375,0.010737500000000025,0.14382247460937503,-0.061173737304687476
train,15,7,"1,0",UP,UP,exploit,-0.04,"0,0",False,0.3169491525423729,0.05637500000000003,0.22935937578125007,0.17298437578125003,0.14286718789062505
train,15,8,"0,0",RIGHT,RIGHT,explore,-0.04,"0,1",False,0.3169491525423729,0.29928819531250006,0.54855081640625,0.24926262109374997,0.42391950585937505
train,15,9,"0,1",RIGHT,RIGHT,exploit,-0.04,"0,2",False,0.3169491525423729,0.6539453515625,0.81338984375,0.1594444921875,0.73366759765625
train,15,10,"0,2",UP,UP,explore,-0.2,"0,2",False,0.3169491525423729,-0.1,0.6533898437500001,0.7533898437500001,0.276694921875
train,15,11,"0,2",RIGHT,RIGHT,exploit,1.0,"0,3",True,0.3169491525423729,0.9482109375000001,1.0,0.05178906249999993,0.97410546875
train,16,1,"3,0",UP,UP,exploit,-0.04,"2,0",False,0.3110169491525424,-0.10760757965515136,-0.09505636357421873,0.012551216080932626,-0.10133197161468505
train,16,2,"2,0",LEFT,LEFT,explore,-0.2,"2,0",False,0.3110169491525424,-0.22719837041015623,-0.25505636357421874,-0.02785799316406251,-0.24112736699218748
train,16,3,"2,0",RIGHT,RIGHT,explore,-0.2,"2,0",False,0.3110169491525424,-0.195,-0.25505636357421874,-0.06005636357421873,-0.22502818178710937
train,16,4,"2,0",UP,UP,exploit,-0.04,"1,0",False,0.3110169491525424,-0.061173737304687476,0.08858046910156253,0.14975420640625,0.013703365898437528
train,16,5,"1,0",DOWN,DOWN,explore,-0.04,"2,0",False,0.3110169491525424,-0.116597890625,-0.027666970691406223,0.08893091993359378,-0.07213243065820311
train,16,6,"2,0",UP,UP,exploit,-0.04,"1,0",False,0.3110169491525424,0.013703365898437528,0.08858046910156253,0.074877103203125,0.05114191750000003
train,16,7,"1,0",UP,UP,exploit,-0.04,"0,0",False,0.3110169491525424,0.14286718789062505,0.3415275552734376,0.19866036738281254,0.2421973715820313
train,16,8,"0,0",RIGHT,RIGHT,exploit,-0.04,"0,1",False,0.3110169491525424,0.42391950585937505,0.620300837890625,0.1963813320312499,0.522110171875
train,16,9,"0,1",RIGHT,RIGHT,exploit,-0.04,"0,2",False,0.3110169491525424,0.73366759765625,0.836694921875,0.10302732421875005,0.785181259765625
train,16,10,"0,2",UP,UP,explore,-0.2,"0,2",False,0.3110169491525424,0.276694921875,0.676694921875,0.4,0.476694921875
train,16,11,"0,2",RIGHT,RIGHT,exploit,1.0,"0,3",True,0.3110169491525424,0.97410546875,1.0,0.025894531249999964,0.987052734375
train,17,1,"3,0",UP,UP,explore,-0.04,"2,0",False,0.3050847457627119,-0.10133197161468505,0.006027725750000025,0.10735969736468506,-0.047652122932342514
train,17,2,"2,0",UP,UP,exploit,-0.04,"1,0",False,0.3050847457627119,0.05114191750000003,0.17797763442382816,0.12683571692382814,0.1145597759619141
train,17,3,"1,0",UP,UP,exploit,-0.04,"0,0",False,0.3050847457627119,0.2421973715820313,0.4298991546875,0.1877017831054687,0.33604826313476566
train,17,4,"0,0",RIGHT,DOWN,exploit,-0.04,"1,0",False,0.3050847457627119,0.522110171875,0.2624434368212891,-0.25966673505371085,0.39227680434814455
train,17,5,"1,0",UP,UP,exploit,-0.04,"0,0",False,0.3050847457627119,0.33604826313476566,0.3130491239133301,-0.02299913922143554,0.3245486935240479
train,17,6,"0,0",RIGHT,RIGHT,exploit,-0.04,"0,1",False,0.3050847457627119,0.39227680434814455,0.6666631337890625,0.27438632944091795,0.5294699690686036
train,17,7,"0,1",RIGHT,RIGHT,exploit,-0.04,"0,2",False,0.3050847457627119,0.785181259765625,0.8483474609374999,0.06316620117187488,0.8167643603515624
train,17,8,"0,2",DOWN,DOWN,explore,-0.04,"1,2",False,0.3050847457627119,-0.03,0.17920343750000003,0.20920343750000003,0.07460171875000002
train,17,9,"1,2",RIGHT,RIGHT,exploit,-0.04,"1,3",False,0.3050847457627119,0.24355937500000005,-0.067,-0.3105593750000001,0.08827968750000001
train,17,10,"1,3",LEFT,LEFT,exploit,-0.04,"1,2",False,0.3050847457627119,-0.03,0.03945171875000001,0.06945171875,0.004725859375000002
train,17,11,"1,2",RIGHT,DOWN,exploit,-1.0,"2,2",True,0.3050847457627119,0.08827968750000001,-1.0,-1.0882796875,-0.45586015625
train,18,1,"3,0",UP,UP,exploit,-0.04,"2,0",False,0.29915254237288136,-0.047652122932342514,0.06310379836572269,0.1107559212980652,0.0077258377166900885
train,18,2,"2,0",UP,UP,exploit,-0.04,"1,0",False,0.29915254237288136,0.1145597759619141,0.25209382417164317,0.13753404820972906,0.18332680006677865
train,18,3,"1,0",RIGHT,RIGHT,explore,-0.2,"1,0",False,0.29915254237288136,-0.1,0.09209382417164313,0.19209382417164314,-0.003953087914178435
train,18,4,"1,0",UP,UP,exploit,-0.04,"0,0",False,0.29915254237288136,0.3245486935240479,0.43652297216174324,0.11197427863769532,0.3805358328428956
train,18,5,"0,0",RIGHT,RIGHT,exploit,-0.04,"0,1",False,0.29915254237288136,0.5294699690686036,0.6950879243164062,0.16561795524780265,0.6122789466925049
train,18,6,"0,1",RIGHT,RIGHT,exploit,-0.04,"0,2",False,0.29915254237288136,0.8167643603515624,0.8483474609374999,0.031583100585937496,0.8325559106445312
train,18,7,"0,2",UP,UP,explore,-0.2,"0,2",False,0.29915254237288136,0.476694921875,0.6883474609375,0.21165253906249998,0.58252119140625
train,18,8,"0,2",RIGHT,RIGHT,exploit,1.0,"0,3",True,0.29915254237288136,0.987052734375,1.0,0.012947265625000037,0.9935263671875
train,19,1,"3,0",UP,UP,exploit,-0.04,"2,0",False,0.2932203389830509,0.0077258377166900885,0.12499412006010077,0.11726828234341069,0.06635997888839543
train,19,2,"2,0",UP,LEFT,exploit,-0.2,"2,0",False,0.2932203389830509,0.18332680006677865,-0.03500587993989923,-0.21833268000667788,0.07416046006343971
train,19,3,"2,0",UP,UP,explore,-0.04,"1,0",False,0.2932203389830509,0.07416046006343971,0.3024822495586061,0.22832178949516638,0.1883213548110229
train,19,4,"1,0",UP,RIGHT,exploit,-0.2,"1,0",False,0.2932203389830509,0.3805358328428956,0.14248224955860606,-0.23805358328428955,0.2615090412007508
train,19,5,"1,0",UP,UP,exploit,-0.04,"0,0",False,0.2932203389830509,0.2615090412007508,0.5110510520232544,0.2495420108225036,0.3862800466120026
train,19,6,"0,0",RIGHT,DOWN,exploit,-0.04,"1,0",False,0.2932203389830509,0.6122789466925049,0.30765204195080237,-0.30462690474170256,0.4599654943216537
train,19,7,"1,0",UP,UP,exploit,-0.04,"0,0",False,0.2932203389830509,0.3862800466120026,0.37396894488948834,-0.012311101722514262,0.3801244957507455
train,19,8,"0,0",RIGHT,RIGHT,exploit,-0.04,"0,1",False,0.2932203389830509,0.4599654943216537,0.709300319580078,0.24933482525842432,0.5846329069508658
train,19,9,"0,1",RIGHT,DOWN,exploit,-0.2,"0,1",False,0.2932203389830509,0.8325559106445312,0.5493003195800781,-0.2832555910644531,0.6909281151123046
train,19,10,"0,1",RIGHT,RIGHT,exploit,-0.04,"0,2",False,0.2932203389830509,0.6909281151123046,0.85417373046875,0.16324561535644544,0.7725509227905273
train,19,11,"0,2",RIGHT,RIGHT,exploit,1.0,"0,3",True,0.2932203389830509,0.9935263671875,1.0,0.006473632812500019,0.99676318359375
train,20,1,"3,0",DOWN,DOWN,explore,-0.2,"3,0",False,0.28728813559322036,-0.25219168128906255,-0.14027601900044412,0.11191566228861843,-0.19623385014475334
train,20,2,"3,0",RIGHT,RIGHT,explore,-0.04,"3,1",False,0.28728813559322036,-0.1771598693737772,-0.1966803357292481,-0.01952046635547089,-0.18692010255151265
train,20,3,"3,1",RIGHT,DOWN,exploit,-0.2,"3,1",False,0.28728813559322036,-0.17408926192138674,-0.35668033572924807,-0.18259107380786133,-0.2653847988253174
train,20,4,"3,1",LEFT,LEFT,exploit,-0.04,"3,0",False,0.28728813559322036,-0.17450025114231377,0.019723980999555885,0.19422423214186965,-0.07738813507137894
train,20,5,"3,0",DOWN,DOWN,explore,-0.2,"3,0",False,0.28728813559322036,-0.19623385014475334,-0.14027601900044412,0.05595783114430922,-0.1682549345725987
train,20,6,"3,0",UP,UP,exploit,-0.04,"2,0",False,0.28728813559322036,0.06635997888839543,0.1294892193299206,0.06312924044152518,0.09792459910915802
train,20,7,"2,0",LEFT,LEFT,explore,-0.2,"2,0",False,0.28728813559322036,-0.24112736699218748,-0.030510780670079396,0.21061658632210808,-0.13581907383113345
train,20,8,"2,0",UP,UP,exploit,-0.04,"1,0",False,0.28728813559322036,0.1883213548110229,0.30211204617567095,0.11379069136464803,0.24521670049334693
train,20,9,"1,0",LEFT,LEFT,explore,-0.2,"1,0",False,0.28728813559322036,0.04916780468750001,0.14211204617567091,0.0929442414881709,0.09563992543158546
train,20,10,"1,0",UP,UP,exploit,-0.04,"0,0",False,0.28728813559322036,0.3801244957507455,0.4861696162557792,0.10604512050503373,0.4331470560032623
train,20,11,"0,0",RIGHT,RIGHT,exploit,-0.04,"0,1",False,0.28728813559322036,0.5846329069508658,0.6552958305114746,0.07066292356060877,0.6199643687311702
train,20,12,"0,1",RIGHT,RIGHT,exploit,-0.04,"0,2",False,0.28728813559322036,0.7725509227905273,0.857086865234375,0.08453594244384777,0.8148188940124512
train,20,13,"0,2",LEFT,UP,explore,-0.2,"0,2",False,0.28728813559322036,0.19268750000000004,0.6970868652343751,0.5043993652343751,0.4448871826171876
train,20,14,"0,2",RIGHT,RIGHT,exploit,1.0,"0,3",True,0.28728813559322036,0.99676318359375,1.0,0.003236816406249954,0.998381591796875
train,21,1,"3,0",UP,UP,exploit,-0.04,"2,0",False,0.28135593220338984,0.09792459910915802,0.18069503044401222,0.0827704313348542,0.1393098147765851
train,21,2,"2,0",DOWN,DOWN,explore,-0.04,"3,0",False,0.28135593220338984,-0.24745872500976565,0.08537883329892659,0.3328375583086922,-0.08103994585541954
train,21,3,"3,0",UP,UP,explore,-0.04,"2,0",False,0.28135593220338984,0.1393098147765851,0.18069503044401222,0.04138521566742712,0.16000242261029868
train,21,4,"2,0",UP,UP,explore,-0.04,"1,0",False,0.28135593220338984,0.24521670049334693,0.3498323504029361,0.10461564990958916,0.2975245254481415
train,21,5,"1,0",RIGHT,RIGHT,explore,-0.2,"1,0",False,0.28135593220338984,-0.003953087914178435,0.18983235040293606,0.19378543831711448,0.0929396312443788
train,21,6,"1,0",UP,UP,exploit,-0.04,"0,0",False,0.28135593220338984,0.4331470560032623,0.5179679318580532,0.08482087585479092,0.47555749393065777
train,21,7,"0,0",RIGHT,RIGHT,exploit,-0.04,"0,1",False,0.28135593220338984,0.6199643687311702,0.6933370046112061,0.07337263588003584,0.6566506866711881
train,21,8,"0,1",RIGHT,RIGHT,exploit,-0.04,"0,2",False,0.28135593220338984,0.8148188940124512,0.8585434326171875,0.04372453860473624,0.8366811633148193
train,21,9,"0,2",RIGHT,RIGHT,exploit,1.0,"0,3",True,0.28135593220338984,0.998381591796875,1.0,0.001618408203124977,0.9991907958984375
train,22,1,"3,0",RIGHT,RIGHT,explore,-0.04,"3,1",False,0.27542372881355937,-0.18692010255151265,-0.10964932156424104,0.07727078098727161,-0.14828471205787686
train,22,2,"3,1",LEFT,LEFT,exploit,-0.04,"3,0",False,0.27542372881355937,-0.07738813507137894,0.10400218034926881,0.18139031542064776,0.01330702263894494
train,22,3,"3,0",UP,UP,explore,-0.04,"2,0",False,0.27542372881355937,0.16000242261029868,0.22777207290332738,0.0677696502930287,0.19388724775681304
train,22,4,"2,0",UP,UP,exploit,-0.04,"1,0",False,0.27542372881355937,0.2975245254481415,0.388001744537592,0.0904772190894505,0.34276313499286676
train,22,5,"1,0",DOWN,DOWN,explore,-0.04,"2,0",False,0.27542372881355937,-0.07213243065820311,0.2684868214935801,0.34061925215178324,0.0981771954176885
train,22,6,"2,0",UP,UP,exploit,-0.04,"1,0",False,0.27542372881355937,0.34276313499286676,0.388001744537592,0.04523860954472525,0.3653824397652294
train,22,7,"1,0",UP,RIGHT,exploit,-0.2,"1,0",False,0.27542372881355937,0.47555749393065777,0.22800174453759198,-0.2475557493930658,0.3517796192341249
train,22,8,"1,0",RIGHT,RIGHT,explore,-0.2,"1,0",False,0.27542372881355937,0.0929396312443788,0.11660165731071237,0.023662026066333566,0.1047706442775456
train,22,9,"1,0",UP,UP,exploit,-0.04,"0,0",False,0.27542372881355937,0.3517796192341249,0.5509856180040693,0.19920599876994444,0.4513826186190971
train,22,10,"0,0",RIGHT,RIGHT,explore,-0.04,"0,1",False,0.27542372881355937,0.6566506866711881,0.7130130469833373,0.05636236031214925,0.6848318668272627
train,22,11,"0,1",RIGHT,RIGHT,exploit,-0.04,"0,2",False,0.27542372881355937,0.8366811633148193,0.8592717163085938,0.022590552993774438,0.8479764398117066
train,22,12,"0,2",RIGHT,RIGHT,exploit,1.0,"0,3",True,0.27542372881355937,0.9991907958984375,1.0,0.0008092041015624885,0.9995953979492187
train,23,1,"3,0",UP,LEFT,exploit,-0.2,"3,0",False,0.2694915254237288,0.19388724775681304,-0.025501477018868263,-0.2193887247756813,0.08419288536897239
train,23,2,"3,0",UP,UP,exploit,-0.04,"2,0",False,0.2694915254237288,0.08419288536897239,0.28884419578870646,0.20465131041973406,0.18651854057883943
train,23,3,"2,0",UP,UP,exploit,-0.04,"1,0",False,0.2694915254237288,0.3653824397652294,0.3662443567571874,0.0008619169919580338,0.3658133982612084
train,23,4,"1,0",UP,UP,exploit,-0.04,"0,0",False,0.2694915254237288,0.4513826186190971,0.5763486801445364,0.12496606152543932,0.5138656493818168
train,23,5,"0,0",LEFT,LEFT,explore,-0.2,"0,0",False,0.2694915254237288,-0.15000000000000002,0.41634868014453646,0.5663486801445365,0.13317434007226825
train,23,6,"0,0",RIGHT,RIGHT,exploit,-0.04,"0,1",False,0.2694915254237288,0.6848318668272627,0.7231787958305359,0.03834692900327319,0.7040053313288993
train,23,7,"0,1",RIGHT,RIGHT,exploit,-0.04,"0,2",False,0.2694915254237288,0.8479764398117066,0.8596358581542968,0.011659418342590211,0.8538061489830017
train,23,8,"0,2",RIGHT,UP,exploit,-0.2,"0,2",False,0.2694915254237288,0.9995953979492187,0.6996358581542967,-0.29995953979492196,0.8496156280517577
train,23,9,"0,2",RIGHT,RIGHT,explore,1.0,"0,3",True,0.2694915254237288,0.8496156280517577,1.0,0.15038437194824228,0.9248078140258789
train,24,1,"3,0",UP,UP,exploit,-0.04,"2,0",False,0.2635593220338983,0.18651854057883943,0.2892320584350876,0.10271351785624816,0.2378752995069635
train,24,2,"2,0",UP,UP,exploit,-0.04,"1,0",False,0.2635593220338983,0.3658133982612084,0.42247908444363513,0.05666568618242673,0.39414624135242177
train,24,3,"1,0",UP,UP,exploit,-0.04,"0,0",False,0.2635593220338983,0.5138656493818168,0.5936047981960093,0.07973914881419253,0.553735223788913
train,24,4,"0,0",RIGHT,RIGHT,exploit,-0.04,"0,1",False,0.2635593220338983,0.7040053313288993,0.7284255340847015,0.024420202755802145,0.7162154327068004
train,24,5,"0,1",RIGHT,RIGHT,exploit,-0.04,"0,2",False,0.2635593220338983,0.8538061489830017,0.792327032623291,-0.061479116359710706,0.8230665908031463
train,24,6,"0,2",RIGHT,RIGHT,exploit,1.0,"0,3",True,0.2635593220338983,0.9248078140258789,1.0,0.07519218597412114,0.9624039070129394
train,25,1,"3,0",UP,UP,exploit,-0.04,"2,0",False,0.25762711864406784,0.2378752995069635,0.3147316172171796,0.07685631771021612,0.2763034583620716
train,25,2,"2,0",UP,LEFT,exploit,-0.2,"2,0",False,0.25762711864406784,0.39414624135242177,0.1547316172171796,-0.23941462413524217,0.2744389292848007
train,25,3,"2,0",UP,UP,exploit,-0.04,"1,0",False,0.25762711864406784,0.2744389292848007,0.45836170141002175,0.18392277212522107,0.36640031534741124
train,25,4,"1,0",UP,UP,exploit,-0.04,"0,0",False,0.25762711864406784,0.553735223788913,0.6045938894361204,0.05085866564720731,0.5791645566125168
train,25,5,"0,0",RIGHT,RIGHT,exploit,-0.04,"0,1",False,0.25762711864406784,0.7162154327068004,0.7007599317228316,-0.015455500983968862,0.7084876822148161
train,25,6,"0,1",RIGHT,RIGHT,explore,-0.04,"0,2",False,0.25762711864406784,0.8230665908031463,0.8261635163116454,0.00309692550849916,0.8246150535573958
train,25,7,"0,2",RIGHT,RIGHT,exploit,1.0,"0,3",True,0.25762711864406784,0.9624039070129394,1.0,0.03759609298706057,0.9812019535064698
train,26,1,"3,0",UP,UP,explore,-0.04,"2,0",False,0.2516949152542373,0.2763034583620716,0.28976028381267016,0.013456825450598564,0.2830318710873709
train,26,2,"2,0",UP,UP,exploit,-0.04,"1,0",False,0.2516949152542373,0.36640031534741124,0.4812481009512651,0.11484778560385384,0.4238242081493382
train,26,3,"1,0",DOWN,DOWN,explore,-0.04,"2,0",False,0.2516949152542373,0.0981771954176885,0.3414417873344044,0.2432645919167159,0.21980949137604644
train,26,4,"2,0",UP,UP,exploit,-0.04,"1,0",False,0.2516949152542373,0.4238242081493382,0.4812481009512651,0.05742389280192689,0.4525361545503016
train,26,5,"1,0",UP,UP,exploit,-0.04,"0,0",False,0.2516949152542373,0.5791645566125168,0.5976389139933345,0.018474357380817708,0.5884017353029256
train,26,6,"0,0",RIGHT,DOWN,exploit,-0.04,"1,0",False,0.2516949152542373,0.7084876822148161,0.48956156177263305,-0.21892612044218301,0.5990246219937245
train,26,7,"1,0",UP,UP,exploit,-0.04,"0,0",False,0.2516949152542373,0.5884017353029256,0.4991221597943521,-0.08927957550857352,0.5437619475486388
train,26,8,"0,0",RIGHT,RIGHT,exploit,-0.04,"0,1",False,0.2516949152542373,0.5990246219937245,0.7021535482016562,0.10312892620793168,0.6505890850976903
train,26,9,"0,1",DOWN,DOWN,explore,-0.2,"0,1",False,0.2516949152542373,-0.02,0.5421535482016562,0.5621535482016562,0.2610767741008281
train,26,10,"0,1",LEFT,LEFT,explore,-0.04,"0,0",False,0.2516949152542373,0.06849995703125003,0.5455301765879212,0.47703021955667124,0.3070150668095857
train,26,11,"0,0",RIGHT,RIGHT,exploit,-0.04,"0,1",False,0.2516949152542373,0.6505890850976903,0.7021535482016562,0.051564463103965896,0.6763713166496732
train,26,12,"0,1",RIGHT,RIGHT,exploit,-0.04,"0,2",False,0.2516949152542373,0.8246150535573958,0.8430817581558228,0.01846670459842692,0.8338484058566094
train,26,13,"0,2",RIGHT,RIGHT,exploit,1.0,"0,3",True,0.2516949152542373,0.9812019535064698,1.0,0.01879804649353023,0.9906009767532349
train,27,1,"3,0",UP,UP,exploit,-0.04,"2,0",False,0.2457627118644068,0.2830318710873709,0.3672825390952715,0.0842506680079006,0.3251572050913212
train,27,2,"2,0",UP,RIGHT,exploit,-0.2,"2,0",False,0.2457627118644068,0.4525361545503016,0.20728253909527145,-0.24525361545503016,0.3299093468227865
train,27,3,"2,0",UP,UP,exploit,-0.04,"1,0",False,0.2457627118644068,0.3299093468227865,0.44938575279377496,0.11947640597098846,0.38964754980828076
train,27,4,"1,0",UP,UP,exploit,-0.04,"0,0",False,0.2457627118644068,0.5437619475486388,0.5687341849847058,0.024972237436067024,0.5562480662666723
train,27,5,"0,0",RIGHT,RIGHT,exploit,-0.04,"0,1",False,0.2457627118644068,0.6763713166496732,0.7104635652709484,0.034092248621275245,0.6934174409603109
train,27,6,"0,1",DOWN,DOWN,explore,-0.2,"0,1",False,0.2457627118644068,0.2610767741008281,0.5504635652709484,0.28938679117012034,0.40577016968588825
train,27,7,"0,1",RIGHT,RIGHT,exploit,-0.04,"0,2",False,0.2457627118644068,0.8338484058566094,0.8515408790779114,0.017692473221302074,0.8426946424672603
train,27,8,"0,2",RIGHT,RIGHT,exploit,1.0,"0,3",True,0.2457627118644068,0.9906009767532349,1.0,0.009399023246765115,0.9953004883766174
train,28,1,"3,0",UP,UP,exploit,-0.04,"2,0",False,0.23983050847457626,0.3251572050913212,0.3106827948274527,-0.014474410263868476,0.3179199999593869
train,28,2,"2,0",LEFT,LEFT,explore,-0.2,"2,0",False,0.23983050847457626,-0.13581907383113345,0.15068279482745267,0.2865018686585861,0.007431860498159609
train,28,3,"2,0",UP,LEFT,exploit,-0.2,"2,0",False,0.23983050847457626,0.38964754980828076,0.15068279482745267,-0.2389647549808281,0.27016517231786674
train,28,4,"2,0",UP,LEFT,exploit,-0.2,"2,0",False,0.23983050847457626,0.27016517231786674,0.04314865508608007,-0.22701651723178667,0.1566569137019734
train,28,5,"2,0",UP,UP,exploit,-0.04,"1,0",False,0.23983050847457626,0.1566569137019734,0.4606232596400051,0.30396634593803173,0.3086400866709893
train,28,6,"1,0",UP,UP,exploit,-0.04,"0,0",False,0.23983050847457626,0.5562480662666723,0.5840756968642797,0.0278276305976074,0.5701618815654761
train,28,7,"0,0",RIGHT,UP,exploit,-0.2,"0,0",False,0.23983050847457626,0.6934174409603109,0.42407569686427976,-0.2693417440960311,0.5587465689122953
train,28,8,"0,0",RIGHT,RIGHT,exploit,-0.04,"0,1",False,0.23983050847457626,0.5587465689122953,0.7184251782205343,0.15967860930823896,0.6385858735664148
train,28,9,"0,1",UP,UP,explore,-0.2,"0,1",False,0.23983050847457626,-0.1,0.5584251782205343,0.6584251782205343,0.22921258911026712
train,28,10,"0,1",RIGHT,RIGHT,exploit,-0.04,"0,2",False,0.23983050847457626,0.8426946424672603,0.8557704395389557,0.013075797071695372,0.8492325410031081
train,28,11,"0,2",RIGHT,RIGHT,exploit,1.0,"0,3",True,0.23983050847457626,0.9953004883766174,1.0,0.004699511623382557,0.9976502441883087
train,29,1,"3,0",UP,UP,exploit,-0.04,"2,0",False,0.23389830508474577,0.3179199999593869,0.23777607800389036,-0.08014392195549655,0.2778480389816386
train,29,2,"2,0",UP,UP,exploit,-0.04,"1,0",False,0.23389830508474577,0.3086400866709893,0.4731456934089285,0.16450560673793918,0.39089289003995886
train,29,3,"1,0",UP,RIGHT,exploit,-0.2,"1,0",False,0.23389830508474577,0.5701618815654761,0.31314569340892845,-0.25701618815654764,0.4416537874872023
train,29,4,"1,0",UP,RIGHT,exploit,-0.2,"1,0",False,0.23389830508474577,0.4416537874872023,0.19748840873848206,-0.24416537874872024,0.3195710981128422
train,29,5,"1,0",UP,UP,exploit,-0.04,"0,0",False,0.23389830508474577,0.3195710981128422,0.5347272862097733,0.2151561880969311,0.42714919216130776
train,29,6,"0,0",RIGHT,RIGHT,exploit,-0.04,"0,1",False,0.23389830508474577,0.6385858735664148,0.7243092869027973,0.08572341333638245,0.681447580234606
train,29,7,"0,1",RIGHT,RIGHT,exploit,-0.04,"0,2",False,0.23389830508474577,0.8492325410031081,0.8578852197694778,0.00865267876636977,0.853558880386293
train,29,8,"0,2",UP,UP,explore,-0.2,"0,2",False,0.23389830508474577,0.58252119140625,0.6978852197694778,0.11536402836322779,0.6402032055878639
train,29,9,"0,2",RIGHT,RIGHT,exploit,1.0,"0,3",True,0.23389830508474577,0.9976502441883087,1.0,0.0023497558116912787,0.9988251220941544
train,30,1,"3,0",UP,LEFT,explore,-0.2,"3,0",False,0.22796610169491527,0.2778480389816386,0.050063235083474766,-0.22778480389816386,0.1639556370325567
train,30,2,"3,0",UP,UP,exploit,-0.04,"2,0",False,0.22796610169491527,0.1639556370325567,0.311803601035963,0.1478479640034063,0.23787961903425986
train,30,3,"2,0",LEFT,LEFT,explore,-0.2,"2,0",False,0.22796610169491527,0.007431860498159609,0.15180360103596297,0.14437174053780336,0.07961773076706129
train,30,4,"2,0",LEFT,LEFT,explore,-0.2,"2,0",False,0.22796610169491527,0.07961773076706129,0.15180360103596297,0.07218587026890168,0.11571066590151213
train,30,5,"2,0",UP,UP,exploit,-0.04,"1,0",False,0.22796610169491527,0.39089289003995886,0.34443427294517703,-0.04645861709478183,0.36766358149256795
train,30,6,"1,0",RIGHT,RIGHT,explore,-0.2,"1,0",False,0.22796610169491527,0.1047706442775456,0.184434272945177,0.07966362866763141,0.14460245861136128
train,30,7,"1,0",UP,UP,exploit,-0.04,"0,0",False,0.22796610169491527,0.42714919216130776,0.5733028222111455,0.14615363004983772,0.5002260071862266
train,30,8,"0,0",RIGHT,RIGHT,exploit,-0.04,"0,1",False,0.22796610169491527,0.681447580234606,0.7282029923476637,0.04675541211305767,0.7048252862911348
train,30,9,"0,1",RIGHT,RIGHT,explore,-0.04,"0,2",False,0.22796610169491527,0.853558880386293,0.8589426098847389,0.005383729498445899,0.8562507451355159
train,30,10,"0,2",RIGHT,RIGHT,exploit,1.0,"0,3",True,0.22796610169491527,0.9988251220941544,1.0,0.0011748779058455838,0.9994125610470772
train,31,1,"3,0",DOWN,DOWN,explore,-0.2,"3,0",False,0.22203389830508474,-0.1682549345725987,0.014091657130833879,0.1823465917034326,-0.07708163872088242
train,31,2,"3,0",UP,UP,exploit,-0.04,"2,0",False,0.22203389830508474,0.23787961903425986,0.2908972233433112,0.053017604309051336,0.2643884211887855
train,31,3,"2,0",UP,UP,exploit,-0.04,"1,0",False,0.22203389830508474,0.36766358149256795,0.41020340646760395,0.042539824975036,0.3889334939800859
train,31,4,"1,0",UP,UP,exploit,-0.04,"0,0",False,0.22203389830508474,0.5002260071862266,0.5943427576620214,0.09411675047579482,0.547284382424124
train,31,5,"0,0",DOWN,DOWN,explore,-0.04,"1,0",False,0.22203389830508474,-0.051500000000000004,0.45255594418171163,0.5040559441817116,0.20052797209085582
train,31,6,"1,0",DOWN,DOWN,explore,-0.04,"2,0",False,0.22203389830508474,0.21980949137604644,0.31004014458207735,0.09023065320603091,0.26492481797906187
train,31,7,"2,0",UP,UP,exploit,-0.04,"1,0",False,0.22203389830508474,0.3889334939800859,0.45255594418171163,0.06362245020162571,0.4207447190808988
train,31,8,"1,0",UP,UP,exploit,-0.04,"0,0",False,0.22203389830508474,0.547284382424124,0.5943427576620214,0.047058375237897354,0.5708135700430728
train,31,9,"0,0",RIGHT,RIGHT,exploit,-0.04,"0,1",False,0.22203389830508474,0.7048252862911348,0.7306256706219643,0.02580038433082943,0.7177254784565495
train,31,10,"0,1",RIGHT,RIGHT,exploit,-0.04,"0,2",False,0.22203389830508474,0.8562507451355159,0.8594713049423695,0.00322055980685354,0.8578610250389427
train,31,11,"0,2",RIGHT,RIGHT,exploit,1.0,"0,3",True,0.22203389830508474,0.9994125610470772,1.0,0.0005874389529227919,0.9997062805235386
train,32,1,"3,0",UP,UP,exploit,-0.04,"2,0",False,0.21610169491525424,0.2643884211887855,0.3386702471728089,0.07428182598402339,0.3015293341807972
train,32,2,"2,0",UP,UP,exploit,-0.04,"1,0",False,0.21610169491525424,0.4207447190808988,0.4737322130387655,0.05298749395786673,0.44723846605983214
train,32,3,"1,0",UP,UP,exploit,-0.04,"0,0",False,0.21610169491525424,0.5708135700430728,0.6059529306108946,0.03513936056782185,0.5883832503269837
train,32,4,"0,0",RIGHT,RIGHT,exploit,-0.04,"0,1",False,0.21610169491525424,0.7177254784565495,0.7320749225350484,0.014349444078498808,0.724900200495799
train,32,5,"0,1",RIGHT,RIGHT,explore,-0.04,"0,2",False,0.21610169491525424,0.8578610250389427,0.8597356524711848,0.001874627432242093,0.8587983387550637
train,32,6,"0,2",RIGHT,RIGHT,exploit,1.0,"0,3",True,0.21610169491525424,0.9997062805235386,1.0,0.00029371947646139596,0.9998531402617693
train,33,1,"3,0",UP,UP,exploit,-0.04,"2,0",False,0.21016949152542375,0.3015293341807972,0.36251461945384894,0.06098528527305175,0.33202197681732304
train,33,2,"2,0",UP,UP,exploit,-0.04,"1,0",False,0.21016949152542375,0.44723846605983214,0.48954492529428534,0.0423064592344532,0.46839169567705874
train,33,3,"1,0",LEFT,LEFT,explore,-0.2,"1,0",False,0.21016949152542375,0.09563992543158546,0.3295449252942853,0.23390499986269986,0.21259242536293538
train,33,4,"1,0",RIGHT,RIGHT,explore,-0.2,"1,0",False,0.21016949152542375,0.14460245861136128,0.3295449252942853,0.18494246668292402,0.2370736919528233
train,33,5,"1,0",UP,LEFT,exploit,-0.2,"1,0",False,0.21016949152542375,0.5883832503269837,0.3295449252942853,-0.2588383250326984,0.45896408781063447
train,33,6,"1,0",LEFT,LEFT,explore,-0.2,"1,0",False,0.21016949152542375,0.21259242536293538,0.21306767902957102,0.0004752536666356444,0.2128300521962532
train,33,7,"1,0",UP,RIGHT,exploit,-0.2,"1,0",False,0.21016949152542375,0.45896408781063447,0.21306767902957102,-0.24589640878106345,0.33601588342010275
train,33,8,"1,0",UP,UP,exploit,-0.04,"0,0",False,0.21016949152542375,0.33601588342010275,0.6124101804462191,0.27639429702611634,0.4742130319331609
train,33,9,"0,0",UP,UP,explore,-0.2,"0,0",False,0.21016949152542375,-0.1,0.4524101804462191,0.5524101804462191,0.17620509022310957
train,33,10,"0,0",RIGHT,RIGHT,exploit,-0.04,"0,1",False,0.21016949152542375,0.724900200495799,0.7329185048795573,0.00801830438375839,0.7289093526876782
train,33,11,"0,1",RIGHT,RIGHT,explore,-0.04,"0,2",False,0.21016949152542375,0.8587983387550637,0.8598678262355923,0.001069487480528597,0.859333082495328
train,33,12,"0,2",RIGHT,RIGHT,exploit,1.0,"0,3",True,0.21016949152542375,0.9998531402617693,1.0,0.00014685973823069798,0.9999265701308846
train,34,1,"3,0",UP,UP,exploit,-0.04,"2,0",False,0.20423728813559322,0.33202197681732304,0.3815525261093529,0.04953054929202988,0.356787251463338
train,34,2,"2,0",UP,UP,exploit,-0.04,"1,0",False,0.20423728813559322,0.46839169567705874,0.38679172873984485,-0.08159996693721389,0.4275917122084518
train,34,3,"1,0",UP,UP,exploit,-0.04,"0,0",False,0.20423728813559322,0.4742130319331609,0.6160184174189104,0.1418053854857495,0.5451157246760356
train,34,4,"0,0",RIGHT,RIGHT,exploit,-0.04,"0,1",False,0.20423728813559322,0.7289093526876782,0.7333997742457952,0.004490421558116964,0.7311545634667367
train,34,5,"0,1",RIGHT,RIGHT,exploit,-0.04,"0,2",False,0.20423728813559322,0.859333082495328,0.8599339131177961,0.0006008306224680737,0.8596334978065621
train,34,6,"0,2",RIGHT,RIGHT,exploit,1.0,"0,3",True,0.20423728813559322,0.9999265701308846,1.0,7.34298691154045e-05,0.9999632850654423
train,35,1,"3,0",UP,UP,exploit,-0.04,"2,0",False,0.19830508474576272,0.356787251463338,0.3448325409876067,-0.011954710475731323,0.3508098962254723
train,35,2,"2,0",UP,UP,exploit,-0.04,"1,0",False,0.19830508474576272,0.4275917122084518,0.4506041522084321,0.02301243999998026,0.43909793220844195
train,35,3,"1,0",UP,UP,exploit,-0.04,"0,0",False,0.19830508474576272,0.5451157246760356,0.618039107120063,0.07292338244402741,0.5815774158980493
train,35,4,"0,0",RIGHT,RIGHT,exploit,-0.04,"0,1",False,0.19830508474576272,0.7311545634667367,0.7336701480259058,0.002515584559169115,0.7324123557463212
train,35,5,"0,1",RIGHT,RIGHT,exploit,-0.04,"0,2",False,0.19830508474576272,0.8596334978065621,0.8599669565588981,0.0003334587523360355,0.8598002271827301
train,35,6,"0,2",RIGHT,RIGHT,exploit,1.0,"0,3",True,0.19830508474576272,0.9999632850654423,1.0,3.671493455770225e-05,0.9999816425327211
train,36,1,"3,0",UP,UP,exploit,-0.04,"2,0",False,0.1923728813559322,0.3508098962254723,0.35518813898759777,0.0043782427621254505,0.35299901760653507
train,36,2,"2,0",LEFT,LEFT,explore,-0.2,"2,0",False,0.1923728813559322,0.11571066590151213,0.19518813898759774,0.0794774730860856,0.15544940244455493
train,36,3,"2,0",UP,UP,exploit,-0.04,"1,0",False,0.1923728813559322,0.43909793220844195,0.48341967430824445,0.0443217420998025,0.46125880325834323
train,36,4,"1,0",UP,UP,exploit,-0.04,"0,0",False,0.1923728813559322,0.5815774158980493,0.6191711201716891,0.03759370427363973,0.6003742680348692
train,36,5,"0,0",RIGHT,RIGHT,exploit,-0.04,"0,1",False,0.1923728813559322,0.7324123557463212,0.7338202044644571,0.001407848718135818,0.7331162801053892
train,36,6,"0,1",RIGHT,RIGHT,exploit,-0.04,"0,2",False,0.1923728813559322,0.8598002271827301,0.859983478279449,0.00018325109671890605,0.8598918527310895
train,36,7,"0,2",RIGHT,RIGHT,exploit,1.0,"0,3",True,0.1923728813559322,0.9999816425327211,1.0,1.8357467278851125e-05,0.9999908212663606
train,37,1,"3,0",UP,RIGHT,exploit,-0.04,"3,1",False,0.1864406779661017,0.35299901760653507,-0.028023679624949553,-0.38102269723148463,0.16248766899079276
train,37,2,"3,1",LEFT,LEFT,exploit,-0.04,"3,0",False,0.1864406779661017,0.01330702263894494,0.10623890209171347,0.09293187945276853,0.0597729623653292
train,37,3,"3,0",UP,UP,explore,-0.04,"2,0",False,0.1864406779661017,0.16248766899079276,0.37513292293250894,0.21264525394171618,0.26881029596165085
train,37,4,"2,0",UP,UP,exploit,-0.04,"1,0",False,0.1864406779661017,0.46125880325834323,0.5003368412313822,0.03907803797303899,0.4807978222448627
train,37,5,"1,0",UP,UP,exploit,-0.04,"0,0",False,0.1864406779661017,0.6003742680348692,0.6198046520948503,0.0194303840599811,0.6100894600648596
train,37,6,"0,0",RIGHT,RIGHT,exploit,-0.04,"0,1",False,0.1864406779661017,0.7331162801053892,0.7339026674579805,0.000786387352591289,0.7335094737816849
train,37,7,"0,1",RIGHT,RIGHT,exploit,-0.04,"0,2",False,0.1864406779661017,0.8598918527310895,0.8599917391397246,9.988640863511922e-05,0.859941795935407
train,37,8,"0,2",RIGHT,RIGHT,exploit,1.0,"0,3",True,0.1864406779661017,0.9999908212663606,1.0,9.178733639370051e-06,0.9999954106331803
train,38,1,"3,0",UP,UP,exploit,-0.04,"2,0",False,0.1805084745762712,0.26881029596165085,0.39271804002037647,0.12390774405872562,0.33076416799101366
train,38,2,"2,0",UP,RIGHT,exploit,-0.2,"2,0",False,0.1805084745762712,0.4807978222448627,0.23271804002037644,-0.2480797822244863,0.35675793113261955
train,38,3,"2,0",UP,UP,exploit,-0.04,"1,0",False,0.1805084745762712,0.35675793113261955,0.5090805140583736,0.15232258292575407,0.4329192225954966
train,38,4,"1,0",UP,UP,explore,-0.04,"0,0",False,0.1805084745762712,0.6100894600648596,0.6201585264035163,0.010069066338656674,0.615123993234188
train,38,5,"0,0",RIGHT,RIGHT,exploit,-0.04,"0,1",False,0.1805084745762712,0.7335094737816849,0.7339476163418662,0.000438142560181376,0.7337285450617755
train,38,6,"0,1",RIGHT,RIGHT,exploit,-0.04,"0,2",False,0.1805084745762712,0.859941795935407,0.8599958695698623,5.407363445530944e-05,0.8599688327526347
train,38,7,"0,2",RIGHT,DOWN,exploit,-0.04,"1,2",False,0.1805084745762712,0.9999954106331803,-0.058,-1.0579954106331804,0.47099770531659013
train,38,8,"1,2",UP,UP,exploit,-0.04,"0,2",False,0.1805084745762712,-0.02,0.5361828850290775,0.5561828850290775,0.25809144251453875
train,38,9,"0,2",DOWN,DOWN,explore,-0.04,"1,2",False,0.1805084745762712,0.07460171875000002,0.19228229826308488,0.11768057951308486,0.13344200850654245
train,38,10,"1,2",UP,LEFT,exploit,-0.2,"1,2",False,0.1805084745762712,0.25809144251453875,0.032282298263084874,-0.22580914425145387,0.1451868703888118
train,38,11,"1,2",UP,UP,exploit,-0.04,"0,2",False,0.1805084745762712,0.1451868703888118,0.5361828850290775,0.3909960146402657,0.3406848777089446
train,38,12,"0,2",UP,UP,exploit,-0.2,"0,2",False,0.1805084745762712,0.6402032055878639,0.37618288502907754,-0.2640203205587864,0.5081930453084708
train,38,13,"0,2",LEFT,LEFT,explore,-0.04,"0,1",False,0.1805084745762712,0.4448871826171876,0.7339719494773712,0.2890847668601836,0.5894295660472795
train,38,14,"0,1",RIGHT,RIGHT,exploit,-0.04,"0,2",False,0.1805084745762712,0.8599688327526347,0.49048660944255157,-0.3694822233100831,0.6752277210975931
train,38,15,"0,2",LEFT,LEFT,exploit,-0.04,"0,1",False,0.1805084745762712,0.5894295660472795,0.5677049489878337,-0.021724617059445728,0.5785672575175567
train,38,16,"0,1",UP,LEFT,explore,-0.04,"0,0",False,0.1805084745762712,0.22921258911026712,0.6203556905555979,0.3911431014453308,0.4247841398329325
train,38,17,"0,0",RIGHT,RIGHT,exploit,-0.04,"0,1",False,0.1805084745762712,0.7337285450617755,0.5677049489878337,-0.1660235960739418,0.6507167470248046
train,38,18,"0,1",UP,LEFT,explore,-0.04,"0,0",False,0.1805084745762712,0.4247841398329325,0.5456450723223242,0.12086093248939167,0.48521460607762834
train,38,19,"0,0",DOWN,DOWN,explore,-0.04,"1,0",False,0.1805084745762712,0.20052797209085582,0.5136115939107692,0.31308362181991334,0.3570697830008125
train,38,20,"1,0",UP,UP,exploit,-0.04,"0,0",False,0.1805084745762712,0.615123993234188,0.5456450723223242,-0.0694789209118638,0.5803845327782561
train,38,21,"0,0",RIGHT,RIGHT,exploit,-0.04,"0,1",False,0.1805084745762712,0.6507167470248046,0.5677049489878337,-0.0830117980369709,0.6092108480063192
train,38,22,"0,1",RIGHT,UP,exploit,-0.2,"0,1",False,0.1805084745762712,0.6752277210975931,0.40770494898783377,-0.26752277210975933,0.5414663350427135
train,38,23,"0,1",RIGHT,RIGHT,exploit,-0.04,"0,2",False,0.1805084745762712,0.5414663350427135,0.4807105317658011,-0.06075580327691238,0.5110884334042572
train,38,24,"0,2",LEFT,LEFT,exploit,-0.04,"0,1",False,0.1805084745762712,0.5785672575175567,0.41997959006383156,-0.1585876674537251,0.4992734237906941
train,38,25,"0,1",RIGHT,RIGHT,exploit,-0.04,"0,2",False,0.1805084745762712,0.5110884334042572,0.41737374077762374,-0.09371469262663351,0.4642310870909405
train,39,1,"3,0",UP,RIGHT,exploit,-0.04,"3,1",False,0.1745762711864407,0.33076416799101366,0.013795666128796284,-0.31696850186221737,0.17227991705990497
train,39,2,"3,1",LEFT,LEFT,exploit,-0.04,"3,0",False,0.1745762711864407,0.0597729623653292,0.11505192535391448,0.05527896298858528,0.08741244385962184
train,39,3,"3,0",UP,UP,exploit,-0.04,"2,0",False,0.1745762711864407,0.17227991705990497,0.34962730033594697,0.177347383276042,0.26095360869792594
train,39,4,"2,0",LEFT,LEFT,explore,-0.2,"2,0",False,0.1745762711864407,0.15544940244455493,0.18962730033594694,0.034177897891392,0.17253835139025092
train,39,5,"2,0",UP,UP,exploit,-0.04,"1,0",False,0.1745762711864407,0.4329192225954966,0.48234607950043046,0.04942685690493387,0.4576326510479635
train,39,6,"1,0",UP,UP,exploit,-0.04,"0,0",False,0.1745762711864407,0.5803845327782561,0.5082897632056873,-0.07209476957256877,0.5443371479919716
train,39,7,"0,0",RIGHT,RIGHT,exploit,-0.04,"0,1",False,0.1745762711864407,0.6092108480063192,0.39669314546986556,-0.21251770253645363,0.5029519967380924
train,39,8,"0,1",UP,UP,exploit,-0.2,"0,1",False,0.1745762711864407,0.48521460607762834,0.23669314546986553,-0.2485214606077628,0.36095387577374693
train,39,9,"0,1",RIGHT,RIGHT,exploit,-0.04,"0,2",False,0.1745762711864407,0.4642310870909405,0.41737374077762374,-0.04685734631331678,0.4408024139342821
train,39,10,"0,2",LEFT,LEFT,explore,-0.04,"0,1",False,0.1745762711864407,0.4992734237906941,0.3567221725408539,-0.1425512512498402,0.427997798165774
train,39,11,"0,1",RIGHT,RIGHT,exploit,-0.04,"0,2",False,0.1745762711864407,0.4408024139342821,0.41737374077762374,-0.023428673156658364,0.4290880773559529
train,39,12,"0,2",LEFT,LEFT,explore,-0.04,"0,1",False,0.1745762711864407,0.427997798165774,0.3461792696203576,-0.08181852854541638,0.3870885338930658
train,39,13,"0,1",RIGHT,RIGHT,exploit,-0.04,"0,2",False,0.1745762711864407,0.4290880773559529,0.41737374077762374,-0.011714336578329154,0.4232309090667883
train,39,14,"0,2",UP,UP,exploit,-0.2,"0,2",False,0.1745762711864407,0.5081930453084708,0.2573737407776237,-0.25081930453084705,0.3827833930430472
train,39,15,"0,2",RIGHT,RIGHT,exploit,1.0,"0,3",True,0.1745762711864407,0.47099770531659013,1.0,0.5290022946834099,0.7354988526582951
train,40,1,"3,0",UP,UP,exploit,-0.04,"2,0",False,0.16864406779661015,0.26095360869792594,0.3718693859431672,0.11091577724524126,0.3164114973205466
train,40,2,"2,0",UP,UP,exploit,-0.04,"1,0",False,0.16864406779661015,0.4576326510479635,0.4499034331927745,-0.007729217855189041,0.45376804212036903
train,40,3,"1,0",UP,UP,explore,-0.04,"0,0",False,0.16864406779661015,0.5443371479919716,0.4126567970642832,-0.13168035092768843,0.4784969725281274
train,40,4,"0,0",RIGHT,RIGHT,exploit,-0.04,"0,1",False,0.16864406779661015,0.5029519967380924,0.3409078181601095,-0.16204417857798292,0.42192990744910097
train,40,5,"0,1",RIGHT,RIGHT,exploit,-0.04,"0,2",False,0.16864406779661015,0.4232309090667883,0.6219489673924655,0.19871805832567724,0.5225899382296268
train,40,6,"0,2",RIGHT,UP,exploit,-0.2,"0,2",False,0.16864406779661015,0.7354988526582951,0.46194896739246555,-0.2735498852658295,0.5987239100253803
train,40,7,"0,2",UP,LEFT,explore,-0.04,"0,1",False,0.16864406779661015,0.3827833930430472,0.4303309444066642,0.04754755136361699,0.4065571687248557
train,40,8,"0,1",RIGHT,UP,exploit,-0.2,"0,1",False,0.16864406779661015,0.5225899382296268,0.27033094440666416,-0.2522589938229627,0.3964604413181455
train,40,9,"0,1",DOWN,DOWN,explore,-0.2,"0,1",False,0.16864406779661015,0.40577016968588825,0.1651931527172994,-0.24057701696858885,0.2854816612015938
train,40,10,"0,1",RIGHT,RIGHT,exploit,-0.04,"0,2",False,0.16864406779661015,0.3964604413181455,0.49885151902284225,0.10239107770469674,0.4476559801704939
train,40,11,"0,2",RIGHT,DOWN,exploit,-0.04,"1,2",False,0.16864406779661015,0.5987239100253803,0.2666163899380502,-0.3321075200873301,0.43267014998171527
train,40,12,"1,2",UP,UP,exploit,-0.04,"0,2",False,0.16864406779661015,0.3406848777089446,0.34940313498354375,0.008718257274599128,0.3450440063462442
train,40,13,"0,2",RIGHT,RIGHT,exploit,1.0,"0,3",True,0.16864406779661015,0.43267014998171527,1.0,0.5673298500182847,0.7163350749908577
train,41,1,"3,0",UP,UP,exploit,-0.04,"2,0",False,0.16271186440677965,0.3164114973205466,0.36839123790833217,0.051979740587785594,0.3424013676144394
train,41,2,"2,0",UP,UP,exploit,-0.04,"1,0",False,0.16271186440677965,0.45376804212036903,0.3906472752753147,-0.06312076684505435,0.4222076586978418
train,41,3,"1,0",UP,UP,exploit,-0.04,"0,0",False,0.16271186440677965,0.4784969725281274,0.3397369167041909,-0.13876005582393647,0.40911694461615916
train,41,4,"0,0",UP,UP,explore,-0.2,"0,0",False,0.16271186440677965,0.17620509022310957,0.1797369167041909,0.0035318264810813293,0.17797100346365025
train,41,5,"0,0",RIGHT,RIGHT,exploit,-0.04,"0,1",False,0.16271186440677965,0.42192990744910097,0.36289038215344455,-0.059039525295656425,0.3924101448012728
train,41,6,"0,1",UP,UP,explore,-0.2,"0,1",False,0.16271186440677965,0.36095387577374693,0.20289038215344452,-0.15806349362030242,0.2819221289635957
train,41,7,"0,1",RIGHT,RIGHT,exploit,-0.04,"0,2",False,0.16271186440677965,0.4476559801704939,0.604701567491772,0.15704558732127805,0.526178773831133
train,41,8,"0,2",RIGHT,RIGHT,exploit,1.0,"0,3",True,0.16271186440677965,0.7163350749908577,1.0,0.2836649250091423,0.8581675374954288
train,42,1,"3,0",UP,UP,exploit,-0.04,"2,0",False,0.15677966101694915,0.3424013676144394,0.33998689282805766,-0.0024144747863817373,0.34119413022124856
train,42,2,"2,0",LEFT,LEFT,explore,-0.2,"2,0",False,0.15677966101694915,0.17253835139025092,0.17998689282805763,0.0074485414378067105,0.17626262210915428
train,42,3,"2,0",UP,UP,exploit,-0.04,"1,0",False,0.15677966101694915,0.4222076586978418,0.32820525015454327,-0.09400240854329855,0.37520645442619255
train,42,4,"1,0",UP,UP,exploit,-0.04,"0,0",False,0.15677966101694915,0.40911694461615916,0.3131691303211455,-0.09594781429501364,0.36114303746865234
train,42,5,"0,0",RIGHT,RIGHT,exploit,-0.04,"0,1",False,0.15677966101694915,0.3924101448012728,0.4335608964480197,0.04115075164674692,0.4129855206246462
train,42,6,"0,1",UP,UP,explore,-0.2,"0,1",False,0.15677966101694915,0.2819221289635957,0.2735608964480197,-0.008361232515576023,0.2777415127058077
train,42,7,"0,1",RIGHT,RIGHT,exploit,-0.04,"0,2",False,0.15677966101694915,0.526178773831133,0.7323507837458859,0.20617200991475293,0.6292647787885095
train,42,8,"0,2",RIGHT,RIGHT,exploit,1.0,"0,3",True,0.15677966101694915,0.8581675374954288,1.0,0.14183246250457116,0.9290837687477145
train,43,1,"3,0",LEFT,LEFT,explore,-0.2,"3,0",False,0.15084745762711865,-0.2782809307910157,0.1070747171991237,0.3853556479901394,-0.08560310679594599
train,43,2,"3,0",DOWN,DOWN,explore,-0.2,"3,0",False,0.15084745762711865,-0.07708163872088242,0.1070747171991237,0.18415635592000612,0.014996539239120643
train,43,3,"3,0",UP,RIGHT,exploit,-0.04,"3,1",False,0.15084745762711865,0.34119413022124856,0.03867119947365965,-0.3025229307475889,0.1899326648474541
train,43,4,"3,1",LEFT,LEFT,exploit,-0.04,"3,0",False,0.15084745762711865,0.08741244385962184,0.13093939836270868,0.04352695450308684,0.10917592111116525
train,43,5,"3,0",UP,UP,exploit,-0.04,"2,0",False,0.15084745762711865,0.1899326648474541,0.29768580898357333,0.10775314413611922,0.2438092369155137
train,43,6,"2,0",UP,UP,exploit,-0.04,"1,0",False,0.15084745762711865,0.37520645442619255,0.2850287337217871,-0.09017772070440544,0.33011759407398983
train,43,7,"1,0",UP,UP,exploit,-0.04,"0,0",False,0.15084745762711865,0.36114303746865234,0.3316869685621816,-0.029456068906470734,0.34641500301541694
train,43,8,"0,0",RIGHT,RIGHT,exploit,-0.04,"0,1",False,0.15084745762711865,0.4129855206246462,0.5263383009096585,0.11335278028501228,0.46966191076715236
train,43,9,"0,1",RIGHT,RIGHT,exploit,-0.04,"0,2",False,0.15084745762711865,0.6292647787885095,0.7961753918729431,0.16691061308443356,0.7127200853307263
train,43,10,"0,2",RIGHT,UP,exploit,-0.2,"0,2",False,0.15084745762711865,0.9290837687477145,0.6361753918729431,-0.29290837687477134,0.7826295803103288
train,43,11,"0,2",RIGHT,RIGHT,exploit,1.0,"0,3",True,0.15084745762711865,0.7826295803103288,1.0,0.2173704196896712,0.8913147901551643
train,44,1,"3,0",UP,RIGHT,exploit,-0.04,"3,1",False,0.14491525423728813,0.2438092369155137,0.05825832900004873,-0.18555090791546497,0.15103378295778122
train,44,2,"3,1",LEFT,LEFT,exploit,-0.04,"3,0",False,0.14491525423728813,0.10917592111116525,0.09593040466200309,-0.013245516449162165,0.10255316288658417
train,44,3,"3,0",UP,UP,exploit,-0.04,"2,0",False,0.14491525423728813,0.15103378295778122,0.25710583466659087,0.10607205170880965,0.20406980881218606
train,44,4,"2,0",UP,UP,explore,-0.04,"1,0",False,0.14491525423728813,0.33011759407398983,0.2717735027138753,-0.058344091360114536,0.30094554839393256
train,44,5,"1,0",UP,UP,exploit,-0.04,"0,0",False,0.14491525423728813,0.34641500301541694,0.38269571969043714,0.0362807166750202,0.36455536135292704
train,44,6,"0,0",RIGHT,RIGHT,exploit,-0.04,"0,1",False,0.14491525423728813,0.46966191076715236,0.6014480767976537,0.1317861660305013,0.535554993782403
train,44,7,"0,1",RIGHT,RIGHT,exploit,-0.04,"0,2",False,0.14491525423728813,0.7127200853307263,0.7621833111396479,0.049463225808921596,0.7374516982351871
train,44,8,"0,2",RIGHT,UP,exploit,-0.2,"0,2",False,0.14491525423728813,0.8913147901551643,0.602183311139648,-0.2891314790155164,0.7467490506474062
train,44,9,"0,2",RIGHT,RIGHT,exploit,1.0,"0,3",True,0.14491525423728813,0.7467490506474062,1.0,0.25325094935259385,0.8733745253237031
train,45,1,"3,0",UP,UP,exploit,-0.04,"2,0",False,0.1389830508474576,0.20406980881218606,0.23085099355453928,0.02678118474235322,0.21746040118336268
train,45,2,"2,0",UP,UP,exploit,-0.04,"1,0",False,0.1389830508474576,0.30094554839393256,0.2880998252176344,-0.012845723176298174,0.2945226868057835
train,45,3,"1,0",UP,UP,exploit,-0.04,"0,0",False,0.1389830508474576,0.36455536135292704,0.44199949440416275,0.07744413305123571,0.4032774278785449
train,45,4,"0,0",RIGHT,RIGHT,exploit,-0.04,"0,1",False,0.1389830508474576,0.535554993782403,0.6237065284116684,0.0881515346292654,0.5796307610970357
train,45,5,"0,1",RIGHT,RIGHT,explore,-0.04,"0,2",False,0.1389830508474576,0.7374516982351871,0.7460370727913328,0.00858537455614572,0.7417443855132599
train,45,6,"0,2",RIGHT,RIGHT,exploit,1.0,"0,3",True,0.1389830508474576,0.8733745253237031,1.0,0.12662547467629692,0.9366872626618515
train,46,1,"3,0",UP,UP,exploit,-0.04,"2,0",False,0.13305084745762713,0.21746040118336268,0.22507041812520515,0.007610016941842462,0.22126540965428393
train,46,2,"2,0",UP,UP,exploit,-0.04,"1,0",False,0.13305084745762713,0.2945226868057835,0.32294968509069044,0.028426998284906968,0.30873618594823693
train,46,3,"1,0",UP,UP,exploit,-0.04,"0,0",False,0.13305084745762713,0.4032774278785449,0.4816676849873322,0.07839025710878728,0.4424725564329386
train,46,4,"0,0",RIGHT,RIGHT,exploit,-0.04,"0,1",False,0.13305084745762713,0.5796307610970357,0.6275699469619339,0.047939185864898204,0.6036003540294848
train,46,5,"0,1",RIGHT,RIGHT,exploit,-0.04,"0,2",False,0.13305084745762713,0.7417443855132599,0.8030185363956663,0.0612741508824064,0.7723814609544631
train,46,6,"0,2",RIGHT,RIGHT,exploit,1.0,"0,3",True,0.13305084745762713,0.9366872626618515,1.0,0.06331273733814846,0.9683436313309257
train,47,1,"3,0",UP,UP,exploit,-0.04,"2,0",False,0.1271186440677966,0.22126540965428393,0.23786256735341324,0.01659715769912931,0.22956398850384857
train,47,2,"2,0",UP,UP,exploit,-0.04,"1,0",False,0.1271186440677966,0.30873618594823693,0.35822530078964476,0.04948911484140783,0.33348074336894085
train,47,3,"1,0",UP,UP,exploit,-0.04,"0,0",False,0.1271186440677966,0.4424725564329386,0.5032403186265363,0.060767762193597696,0.47285643752973744
train,47,4,"0,0",RIGHT,RIGHT,exploit,-0.04,"0,1",False,0.1271186440677966,0.6036003540294848,0.6551433148590168,0.051542960829532025,0.6293718344442507
train,47,5,"0,1",RIGHT,RIGHT,exploit,-0.04,"0,2",False,0.1271186440677966,0.7723814609544631,0.8315092681978331,0.05912780724336997,0.8019453645761481
train,47,6,"0,2",UP,UP,explore,-0.2,"0,2",False,0.1271186440677966,0.4065571687248557,0.6715092681978332,0.2649520994729775,0.5390332184613444
train,47,7,"0,2",RIGHT,RIGHT,exploit,1.0,"0,3",True,0.1271186440677966,0.9683436313309257,1.0,0.031656368669074286,0.9841718156654629
train,48,1,"3,0",RIGHT,RIGHT,explore,-0.04,"3,1",False,0.12118644067796608,-0.14828471205787686,0.05229784659792575,0.2005825586558026,-0.047993432729975555
train,48,2,"3,1",LEFT,LEFT,exploit,-0.04,"3,0",False,0.12118644067796608,0.10255316288658417,0.1666075896534637,0.06405442676687953,0.13458037627002395
train,48,3,"3,0",UP,RIGHT,exploit,-0.04,"3,1",False,0.12118644067796608,0.22956398850384857,0.08112233864302157,-0.148441649860827,0.15534316357343508
train,48,4,"3,1",DOWN,DOWN,explore,-0.2,"3,1",False,0.12118644067796608,-0.28726508808593754,-0.07887766135697845,0.2083874267289591,-0.18307137472145799
train,48,5,"3,1",LEFT,LEFT,exploit,-0.04,"3,0",False,0.12118644067796608,0.13458037627002395,0.09980884721609157,-0.03477152905393238,0.11719461174305776
train,48,6,"3,0",UP,UP,exploit,-0.04,"2,0",False,0.12118644067796608,0.15534316357343508,0.2601326690320468,0.10478950545861171,0.20773791630274094
train,48,7,"2,0",UP,UP,exploit,-0.04,"1,0",False,0.12118644067796608,0.33348074336894085,0.38557079377676373,0.052090050407822885,0.3595257685728523
train,48,8,"1,0",UP,UP,exploit,-0.04,"0,0",False,0.12118644067796608,0.47285643752973744,0.5264346509998257,0.05357821347008823,0.4996455442647816
train,48,9,"0,0",RIGHT,RIGHT,exploit,-0.04,"0,1",False,0.12118644067796608,0.6293718344442507,0.6817508281185333,0.05237899367428256,0.6555613312813919
train,48,10,"0,1",RIGHT,RIGHT,exploit,-0.04,"0,2",False,0.12118644067796608,0.8019453645761481,0.8457546340989166,0.043809269522768535,0.8238499993375323
train,48,11,"0,2",RIGHT,RIGHT,exploit,1.0,"0,3",True,0.12118644067796608,0.9841718156654629,1.0,0.015828184334537143,0.9920859078327314
train,49,1,"3,0",UP,RIGHT,exploit,-0.04,"3,1",False,0.11525423728813561,0.20773791630274094,0.06547515056875197,-0.14226276573398897,0.13660653343574647
train,49,2,"3,1",LEFT,LEFT,exploit,-0.04,"3,0",False,0.11525423728813561,0.11719461174305776,0.08294588009217183,-0.03424873165088593,0.10007024591761479
train,49,3,"3,0",UP,UP,exploit,-0.04,"2,0",False,0.11525423728813561,0.13660653343574647,0.2835731917155671,0.14696665827982064,0.2100898625756568
train,49,4,"2,0",UP,UP,exploit,-0.04,"1,0",False,0.11525423728813561,0.3595257685728523,0.4096809898383035,0.05015522126545119,0.38460337920557786
train,49,5,"1,0",RIGHT,RIGHT,explore,-0.2,"1,0",False,0.11525423728813561,0.2370736919528233,0.24968098983830345,0.012607297885480151,0.24337734089556337
train,49,6,"1,0",UP,UP,exploit,-0.04,"0,0",False,0.11525423728813561,0.4996455442647816,0.5500051981532528,0.05035965388847119,0.5248253712090172
train,49,7,"0,0",RIGHT,RIGHT,exploit,-0.04,"0,1",False,0.11525423728813561,0.6555613312813919,0.701464999403779,0.04590366812238711,0.6785131653425855
train,49,8,"0,1",RIGHT,RIGHT,explore,-0.04,"0,2",False,0.11525423728813561,0.8238499993375323,0.8528773170494582,0.029027317711925904,0.8383636581934952
train,49,9,"0,2",LEFT,LEFT,explore,-0.04,"0,1",False,0.11525423728813561,0.3870885338930658,0.7145272923741457,0.3274387584810799,0.5508079131336058
train,49,10,"0,1",RIGHT,RIGHT,exploit,-0.04,"0,2",False,0.11525423728813561,0.8383636581934952,0.8528773170494582,0.014513658855963008,0.8456204876214768
train,49,11,"0,2",RIGHT,RIGHT,exploit,1.0,"0,3",True,0.11525423728813561,0.9920859078327314,1.0,0.007914092167268572,0.9960429539163658
train,50,1,"3,0",RIGHT,RIGHT,explore,-0.04,"3,1",False,0.10932203389830508,-0.047993432729975555,0.050063221325853315,0.09805665405582886,0.0010348942979388764
train,50,2,"3,1",LEFT,LEFT,exploit,-0.04,"3,0",False,0.10932203389830508,0.10007024591761479,0.1490808763180911,0.04901063040047632,0.12457556111785295
train,50,3,"3,0",UP,UP,exploit,-0.04,"2,0",False,0.10932203389830508,0.2100898625756568,0.3061430412850201,0.09605317870936333,0.25811645193033844
train,50,4,"2,0",UP,UP,exploit,-0.04,"1,0",False,0.10932203389830508,0.38460337920557786,0.43234283408811547,0.04773945488253761,0.40847310664684666
train,50,5,"1,0",UP,UP,exploit,-0.04,"0,0",False,0.10932203389830508,0.5248253712090172,0.5706618488083269,0.045836477599309755,0.5477436100086721
train,50,6,"0,0",RIGHT,RIGHT,exploit,-0.04,"0,1",False,0.10932203389830508,0.6785131653425855,0.7210584388593291,0.04254527351674353,0.6997858021009573
train,50,7,"0,1",RIGHT,DOWN,exploit,-0.2,"0,1",False,0.10932203389830508,0.8456204876214768,0.5610584388593292,-0.28456204876214763,0.703339463240403
train,50,8,"0,1",RIGHT,RIGHT,exploit,-0.04,"0,2",False,0.10932203389830508,0.703339463240403,0.8564386585247292,0.15309919528432625,0.7798890608825662
train,50,9,"0,2",RIGHT,UP,exploit,-0.2,"0,2",False,0.10932203389830508,0.9960429539163658,0.6964386585247293,-0.29960429539163647,0.8462408062205475
train,50,10,"0,2",RIGHT,RIGHT,exploit,1.0,"0,3",True,0.10932203389830508,0.8462408062205475,1.0,0.15375919377945246,0.9231204031102738
train,51,1,"3,0",UP,UP,exploit,-0.04,"2,0",False,0.10338983050847461,0.25811645193033844,0.327625795982162,0.06950934405182357,0.29287112395625026
train,51,2,"2,0",UP,UP,exploit,-0.04,"1,0",False,0.10338983050847461,0.40847310664684666,0.45296924900780494,0.04449614236095828,0.4307211778273258
train,51,3,"1,0",UP,UP,exploit,-0.04,"0,0",False,0.10338983050847461,0.5477436100086721,0.5898072218908615,0.04206361188218943,0.5687754159497669
train,51,4,"0,0",RIGHT,RIGHT,exploit,-0.04,"0,1",False,0.10338983050847461,0.6997858021009573,0.6619001547943095,-0.037885647306647785,0.6808429784476334
train,51,5,"0,1",RIGHT,RIGHT,exploit,-0.04,"0,2",False,0.10338983050847461,0.7798890608825662,0.7908083627992464,0.010919301916680224,0.7853487118409063
train,51,6,"0,2",RIGHT,UP,exploit,-0.2,"0,2",False,0.10338983050847461,0.9231204031102738,0.6308083627992465,-0.2923120403110273,0.7769643829547601
train,51,7,"0,2",RIGHT,RIGHT,exploit,1.0,"0,3",True,0.10338983050847461,0.7769643829547601,1.0,0.2230356170452399,0.8884821914773801
train,52,1,"3,0",UP,UP,exploit,-0.04,"2,0",False,0.09745762711864409,0.29287112395625026,0.3476490600445932,0.05477793608834297,0.3202600920004217
train,52,2,"2,0",UP,UP,exploit,-0.04,"1,0",False,0.09745762711864409,0.4307211778273258,0.4718978743547902,0.04117669652746442,0.451309526091058
train,52,3,"1,0",UP,UP,exploit,-0.04,"0,0",False,0.09745762711864409,0.5687754159497669,0.57275868060287,0.003983264653103169,0.5707670482763185
train,52,4,"0,0",RIGHT,RIGHT,exploit,-0.04,"0,1",False,0.09745762711864409,0.6808429784476334,0.6668138406568156,-0.014029137790817825,0.6738284095522244
train,52,5,"0,1",RIGHT,RIGHT,exploit,-0.04,"0,2",False,0.09745762711864409,0.7853487118409063,0.759633972329642,-0.02571473951126424,0.7724913420852741
train,52,6,"0,2",RIGHT,DOWN,exploit,-0.04,"1,2",False,0.09745762711864409,0.8884821914773801,0.27053960571161983,-0.6179425857657602,0.5795108985944999
train,52,7,"1,2",UP,UP,exploit,-0.04,"0,2",False,0.09745762711864409,0.3450440063462442,0.48155980873504994,0.13651580238880573,0.4133019075406471
train,52,8,"0,2",RIGHT,RIGHT,exploit,1.0,"0,3",True,0.09745762711864409,0.5795108985944999,1.0,0.4204891014055001,0.78975544929725
train,53,1,"3,0",UP,UP,exploit,-0.04,"2,0",False,0.09152542372881356,0.3202600920004217,0.36617857348195226,0.04591848148153055,0.343219332741187
train,53,2,"2,0",UP,RIGHT,exploit,-0.2,"2,0",False,0.09152542372881356,0.451309526091058,0.20617857348195223,-0.24513095260910578,0.3287440497865051
train,53,3,"2,0",UP,UP,exploit,-0.04,"1,0",False,0.09152542372881356,0.3287440497865051,0.4736903434486867,0.1449462936621816,0.4012171966175959
train,53,4,"1,0",UP,UP,exploit,-0.04,"0,0",False,0.09152542372881356,0.5707670482763185,0.566445568597002,-0.004321479679316509,0.5686063084366603
train,53,5,"0,0",RIGHT,DOWN,exploit,-0.04,"1,0",False,0.09152542372881356,0.6738284095522244,0.4717456775929943,-0.20208273195923016,0.5727870435726093
train,53,6,"1,0",UP,UP,exploit,-0.04,"0,0",False,0.09152542372881356,0.5686063084366603,0.47550833921534846,-0.0930979692213118,0.5220573238260043
train,53,7,"0,0",RIGHT,DOWN,exploit,-0.04,"1,0",False,0.09152542372881356,0.5727870435726093,0.42985159144340396,-0.1429354521292054,0.5013193175080066
train,53,8,"1,0",UP,RIGHT,exploit,-0.2,"1,0",False,0.09152542372881356,0.5220573238260043,0.2698515914434039,-0.2522057323826004,0.39595445763470416
train,53,9,"1,0",UP,LEFT,exploit,-0.2,"1,0",False,0.09152542372881356,0.39595445763470416,0.15635901187123374,-0.23959544576347042,0.276156734752969
train,53,10,"1,0",UP,RIGHT,exploit,-0.2,"1,0",False,0.09152542372881356,0.276156734752969,0.048541061277672076,-0.2276156734752969,0.16234889801532054
train,53,11,"1,0",DOWN,RIGHT,exploit,-0.2,"1,0",False,0.09152542372881356,0.26492481797906187,0.038432336181155685,-0.22649248179790618,0.1516785770801088
train,53,12,"1,0",RIGHT,RIGHT,exploit,-0.2,"1,0",False,0.09152542372881356,0.24337734089556337,0.019039606806007026,-0.22433773408955635,0.1312084738507852
train,53,13,"1,0",LEFT,LEFT,exploit,-0.2,"1,0",False,0.09152542372881356,0.2128300521962532,-0.008452953023372123,-0.22128300521962532,0.10218854958644054
train,53,14,"1,0",UP,UP,exploit,-0.04,"0,0",False,0.09152542372881356,0.16234889801532054,0.411187385757206,0.24883848774188544,0.28676814188626326
train,53,15,"0,0",RIGHT,RIGHT,exploit,-0.04,"0,1",False,0.09152542372881356,0.5013193175080066,0.6552422078767467,0.15392289036874007,0.5782807626923767
train,53,16,"0,1",RIGHT,RIGHT,exploit,-0.04,"0,2",False,0.09152542372881356,0.7724913420852741,0.6707799043675249,-0.10171143771774926,0.7216356232263995
train,53,17,"0,2",LEFT,LEFT,explore,-0.04,"0,1",False,0.09152542372881356,0.5508079131336058,0.6094720609037595,0.05866414777015372,0.5801399870186826
train,53,18,"0,1",RIGHT,RIGHT,exploit,-0.04,"0,2",False,0.09152542372881356,0.7216356232263995,0.6707799043675249,-0.05085571885887463,0.6962077637969621
train,53,19,"0,2",RIGHT,RIGHT,exploit,1.0,"0,3",True,0.09152542372881356,0.78975544929725,1.0,0.21024455070275005,0.894877724648625
train,54,1,"3,0",UP,UP,exploit,-0.04,"2,0",False,0.08559322033898303,0.343219332741187,0.32109547695583635,-0.022123855785350643,0.33215740484851164
train,54,2,"2,0",UP,UP,exploit,-0.04,"1,0",False,0.08559322033898303,0.4012171966175959,0.21809132769763692,-0.183125868919959,0.30965426215761643
train,54,3,"1,0",UP,UP,exploit,-0.04,"0,0",False,0.08559322033898303,0.28676814188626326,0.48045268642313904,0.19368454453687578,0.38361041415470115
train,54,4,"0,0",RIGHT,RIGHT,explore,-0.04,"0,1",False,0.08559322033898303,0.5782807626923767,0.5865869874172659,0.008306224724889177,0.5824338750548212
train,54,5,"0,1",RIGHT,RIGHT,exploit,-0.04,"0,2",False,0.08559322033898303,0.6962077637969621,0.7653899521837625,0.06918218838680035,0.7307988579903624
train,54,6,"0,2",RIGHT,RIGHT,exploit,1.0,"0,3",True,0.08559322033898303,0.894877724648625,1.0,0.10512227535137497,0.9474388623243125
train,55,1,"3,0",UP,UP,exploit,-0.04,"2,0",False,0.07966101694915251,0.33215740484851164,0.23868883594185478,-0.09346856890665686,0.2854231203951832
train,55,2,"2,0",UP,UP,exploit,-0.04,"1,0",False,0.07966101694915251,0.30965426215761643,0.3052493727392311,-0.004404889418385349,0.30745181744842376
train,55,3,"1,0",UP,UP,exploit,-0.04,"0,0",False,0.07966101694915251,0.38361041415470115,0.4841904875493392,0.10058007339463804,0.43390045085202017
train,55,4,"0,0",RIGHT,RIGHT,exploit,-0.04,"0,1",False,0.07966101694915251,0.5824338750548212,0.6177189721913261,0.03528509713650485,0.6000764236230737
train,55,5,"0,1",RIGHT,RIGHT,exploit,-0.04,"0,2",False,0.07966101694915251,0.7307988579903624,0.8126949760918812,0.08189611810151887,0.7717469170411217
train,55,6,"0,2",RIGHT,RIGHT,exploit,1.0,"0,3",True,0.07966101694915251,0.9474388623243125,1.0,0.052561137675687486,0.9737194311621562
train,56,1,"3,0",UP,LEFT,exploit,-0.2,"3,0",False,0.07372881355932198,0.2854231203951832,0.05688080835566489,-0.2285423120395183,0.17115196437542404
train,56,2,"3,0",UP,UP,exploit,-0.04,"2,0",False,0.07372881355932198,0.17115196437542404,0.2367066357035814,0.06555467132815734,0.20392930003950271
train,56,3,"2,0",UP,UP,exploit,-0.04,"1,0",False,0.07372881355932198,0.30745181744842376,0.3505104057668182,0.04305858831839443,0.328981111607621
train,56,4,"1,0",UP,UP,exploit,-0.04,"0,0",False,0.07372881355932198,0.43390045085202017,0.5000687812607663,0.06616833040874609,0.4669846160563932
train,56,5,"0,0",RIGHT,DOWN,exploit,-0.04,"1,0",False,0.07372881355932198,0.6000764236230737,0.3802861544507539,-0.21979026917231975,0.4901812890369138
train,56,6,"1,0",UP,UP,exploit,-0.04,"0,0",False,0.07372881355932198,0.4669846160563932,0.40116316013322245,-0.06582145592317074,0.43407388809480785
train,56,7,"0,0",RIGHT,RIGHT,exploit,-0.04,"0,1",False,0.07372881355932198,0.4901812890369138,0.6545722253370095,0.1643909363000957,0.5723767571869617
train,56,8,"0,1",RIGHT,RIGHT,exploit,-0.04,"0,2",False,0.07372881355932198,0.7717469170411217,0.8363474880459406,0.06460057100481886,0.8040472025435312
train,56,9,"0,2",RIGHT,RIGHT,exploit,1.0,"0,3",True,0.07372881355932198,0.9737194311621562,1.0,0.0262805688378438,0.9868597155810781
train,57,1,"3,0",UP,UP,exploit,-0.04,"2,0",False,0.06779661016949151,0.20392930003950271,0.25608300044685894,0.05215370040735623,0.23000615024318083
train,57,2,"2,0",UP,UP,exploit,-0.04,"1,0",False,0.06779661016949151,0.328981111607621,0.3506664992853271,0.021685387677706114,0.33982380544647406
train,57,3,"1,0",UP,UP,exploit,-0.04,"0,0",False,0.06779661016949151,0.43407388809480785,0.4751390814682655,0.041065193373457654,0.45460648478153665
train,57,4,"0,0",RIGHT,RIGHT,exploit,-0.04,"0,1",False,0.06779661016949151,0.5723767571869617,0.6836424822891781,0.11126572510221644,0.6280096197380699
train,57,5,"0,1",RIGHT,RIGHT,exploit,-0.04,"0,2",False,0.06779661016949151,0.8040472025435312,0.8481737440229703,0.04412654147943906,0.8261104732832507
train,57,6,"0,2",RIGHT,RIGHT,exploit,1.0,"0,3",True,0.06779661016949151,0.9868597155810781,1.0,0.0131402844189219,0.993429857790539
train,58,1,"3,0",UP,UP,exploit,-0.04,"2,0",False,0.061864406779660985,0.23000615024318083,0.26584142490182666,0.03583527465864583,0.24792378757250375
train,58,2,"2,0",UP,UP,exploit,-0.04,"1,0",False,0.061864406779660985,0.33982380544647406,0.369145836303383,0.02932203085690893,0.3544848208749285
train,58,3,"1,0",UP,UP,exploit,-0.04,"0,0",False,0.061864406779660985,0.45460648478153665,0.5252086577642628,0.0706021729827262,0.48990757127289974
train,58,4,"0,0",RIGHT,DOWN,exploit,-0.04,"1,0",False,0.061864406779660985,0.6280096197380699,0.4009168141456098,-0.2270928055924601,0.5144632169418398
train,58,5,"1,0",UP,RIGHT,exploit,-0.2,"1,0",False,0.061864406779660985,0.48990757127289974,0.24091681414560978,-0.24899075712728996,0.36541219270925474
train,58,6,"1,0",UP,RIGHT,exploit,-0.2,"1,0",False,0.061864406779660985,0.36541219270925474,0.12887097343832926,-0.23654121927092547,0.247141583073792
train,58,7,"1,0",UP,UP,exploit,-0.04,"0,0",False,0.061864406779660985,0.247141583073792,0.4230168952476559,0.1758753121738639,0.33507923916072396
train,58,8,"0,0",RIGHT,RIGHT,exploit,-0.04,"0,1",False,0.061864406779660985,0.5144632169418398,0.7034994259549257,0.18903620901308582,0.6089813214483828
train,58,9,"0,1",RIGHT,RIGHT,exploit,-0.04,"0,2",False,0.061864406779660985,0.8261104732832507,0.8540868720114851,0.02797639872823443,0.8400986726473679
train,58,10,"0,2",RIGHT,RIGHT,exploit,1.0,"0,3",True,0.061864406779660985,0.993429857790539,1.0,0.00657014220946095,0.9967149288952695
train,59,1,"3,0",UP,UP,exploit,-0.04,"2,0",False,0.055932203389830515,0.24792378757250375,0.27903633878743567,0.03111255121493192,0.2634800631799697
train,59,2,"2,0",UP,UP,exploit,-0.04,"1,0",False,0.055932203389830515,0.3544848208749285,0.2615713152446516,-0.0929135056302769,0.30802806805979005
train,59,3,"1,0",UP,UP,exploit,-0.04,"0,0",False,0.055932203389830515,0.33507923916072396,0.5080831893035445,0.1730039501428205,0.42158121423213424
train,59,4,"0,0",RIGHT,RIGHT,exploit,-0.04,"0,1",False,0.055932203389830515,0.6089813214483828,0.7160888053826311,0.1071074839342483,0.6625350634155069
train,59,5,"0,1",UP,UP,explore,-0.2,"0,1",False,0.055932203389830515,0.2777415127058077,0.5560888053826312,0.27834729267682345,0.41691515904421944
train,59,6,"0,1",RIGHT,RIGHT,exploit,-0.04,"0,2",False,0.055932203389830515,0.8400986726473679,0.8570434360057425,0.01694476335837458,0.8485710543265552
train,59,7,"0,2",RIGHT,RIGHT,exploit,1.0,"0,3",True,0.055932203389830515,0.9967149288952695,1.0,0.0032850711047305303,0.9983574644476347
train,60,1,"3,0",UP,UP,exploit,-0.04,"2,0",False,0.04999999999999999,0.2634800631799697,0.23722526125381102,-0.026254801926158672,0.25035266221689034
train,60,2,"2,0",UP,UP,exploit,-0.04,"1,0",False,0.04999999999999999,0.30802806805979005,0.33942309280892086,0.03139502474913081,0.32372558043435545
train,60,3,"1,0",UP,UP,exploit,-0.04,"0,0",False,0.04999999999999999,0.42158121423213424,0.5562815570739562,0.13470034284182197,0.4889313856530452
train,60,4,"0,0",RIGHT,RIGHT,exploit,-0.04,"0,1",False,0.04999999999999999,0.6625350634155069,0.7237139488938997,0.061178885478392786,0.6931245061547033
train,60,5,"0,1",RIGHT,RIGHT,exploit,-0.04,"0,2",False,0.04999999999999999,0.8485710543265552,0.8585217180028712,0.00995066367631603,0.8535463861647132
train,60,6,"0,2",UP,UP,explore,-0.2,"0,2",False,0.04999999999999999,0.5390332184613444,0.6985217180028713,0.15948849954152688,0.6187774682321079
train,60,7,"0,2",RIGHT,RIGHT,exploit,1.0,"0,3",True,0.04999999999999999,0.9983574644476347,1.0,0.0016425355523652652,0.9991787322238174
evaluate,1,1,"3,0",UP,RIGHT,exploit,-0.04,"3,1",False,0.0,0.25035266221689034,0.07211800500606766,-0.17823465721082268,0.25035266221689034
evaluate,1,2,"3,1",LEFT,LEFT,exploit,-0.04,"3,0",False,0.0,0.12457556111785295,0.1853173959952013,0.060741834877348355,0.12457556111785295
evaluate,1,3,"3,0",UP,UP,exploit,-0.04,"2,0",False,0.0,0.25035266221689034,0.25135302239091994,0.001000360174029602,0.25035266221689034
evaluate,1,4,"2,0",UP,UP,exploit,-0.04,"1,0",False,0.0,0.32372558043435545,0.4000382470877407,0.07631266665338526,0.32372558043435545
evaluate,1,5,"1,0",UP,UP,exploit,-0.04,"0,0",False,0.0,0.4889313856530452,0.583812055539233,0.09488066988618776,0.4889313856530452
evaluate,1,6,"0,0",RIGHT,RIGHT,exploit,-0.04,"0,1",False,0.0,0.6931245061547033,0.7281917475482419,0.03506724139353856,0.6931245061547033
evaluate,1,7,"0,1",RIGHT,UP,exploit,-0.2,"0,1",False,0.0,0.8535463861647132,0.5681917475482419,-0.28535463861647137,0.8535463861647132
evaluate,1,8,"0,1",RIGHT,RIGHT,exploit,-0.04,"0,2",False,0.0,0.8535463861647132,0.8592608590014356,0.0057144728367223285,0.8535463861647132
evaluate,1,9,"0,2",RIGHT,DOWN,exploit,-0.04,"1,2",False,0.0,0.9991787322238174,0.33197171678658244,-0.6672070154372349,0.9991787322238174
evaluate,1,10,"1,2",UP,UP,exploit,-0.04,"0,2",False,0.0,0.4133019075406471,0.8592608590014356,0.44595895146078846,0.4133019075406471
evaluate,1,11,"0,2",RIGHT,RIGHT,exploit,1.0,"0,3",True,0.0,0.9991787322238174,1.0,0.0008212677761826326,0.9991787322238174
evaluate,2,1,"3,0",UP,LEFT,exploit,-0.2,"3,0",False,0.0,0.25035266221689034,0.025317395995201303,-0.22503526622168904,0.25035266221689034
evaluate,2,2,"3,0",UP,RIGHT,exploit,-0.04,"3,1",False,0.0,0.25035266221689034,0.07211800500606766,-0.17823465721082268,0.25035266221689034
evaluate,2,3,"3,1",LEFT,LEFT,exploit,-0.04,"3,0",False,0.0,0.12457556111785295,0.1853173959952013,0.060741834877348355,0.12457556111785295
evaluate,2,4,"3,0",UP,UP,exploit,-0.04,"2,0",False,0.0,0.25035266221689034,0.25135302239091994,0.001000360174029602,0.25035266221689034
evaluate,2,5,"2,0",UP,LEFT,exploit,-0.2,"2,0",False,0.0,0.32372558043435545,0.09135302239091991,-0.23237255804343554,0.32372558043435545
evaluate,2,6,"2,0",UP,UP,exploit,-0.04,"1,0",False,0.0,0.32372558043435545,0.4000382470877407,0.07631266665338526,0.32372558043435545
evaluate,2,7,"1,0",UP,UP,exploit,-0.04,"0,0",False,0.0,0.4889313856530452,0.583812055539233,0.09488066988618776,0.4889313856530452
evaluate,2,8,"0,0",RIGHT,RIGHT,exploit,-0.04,"0,1",False,0.0,0.6931245061547033,0.7281917475482419,0.03506724139353856,0.6931245061547033
evaluate,2,9,"0,1",RIGHT,RIGHT,exploit,-0.04,"0,2",False,0.0,0.8535463861647132,0.8592608590014356,0.0057144728367223285,0.8535463861647132
evaluate,2,10,"0,2",RIGHT,RIGHT,exploit,1.0,"0,3",True,0.0,0.9991787322238174,1.0,0.0008212677761826326,0.9991787322238174
evaluate,3,1,"3,0",UP,UP,exploit,-0.04,"2,0",False,0.0,0.25035266221689034,0.25135302239091994,0.001000360174029602,0.25035266221689034
evaluate,3,2,"2,0",UP,UP,exploit,-0.04,"1,0",False,0.0,0.32372558043435545,0.4000382470877407,0.07631266665338526,0.32372558043435545
evaluate,3,3,"1,0",UP,LEFT,exploit,-0.2,"1,0",False,0.0,0.4889313856530452,0.24003824708774069,-0.24889313856530454,0.4889313856530452
evaluate,3,4,"1,0",UP,UP,exploit,-0.04,"0,0",False,0.0,0.4889313856530452,0.583812055539233,0.09488066988618776,0.4889313856530452
evaluate,3,5,"0,0",RIGHT,RIGHT,exploit,-0.04,"0,1",False,0.0,0.6931245061547033,0.7281917475482419,0.03506724139353856,0.6931245061547033
evaluate,3,6,"0,1",RIGHT,RIGHT,exploit,-0.04,"0,2",False,0.0,0.8535463861647132,0.8592608590014356,0.0057144728367223285,0.8535463861647132
evaluate,3,7,"0,2",RIGHT,RIGHT,exploit,1.0,"0,3",True,0.0,0.9991787322238174,1.0,0.0008212677761826326,0.9991787322238174
evaluate,4,1,"3,0",UP,UP,exploit,-0.04,"2,0",False,0.0,0.25035266221689034,0.25135302239091994,0.001000360174029602,0.25035266221689034
evaluate,4,2,"2,0",UP,UP,exploit,-0.04,"1,0",False,0.0,0.32372558043435545,0.4000382470877407,0.07631266665338526,0.32372558043435545
evaluate,4,3,"1,0",UP,UP,exploit,-0.04,"0,0",False,0.0,0.4889313856530452,0.583812055539233,0.09488066988618776,0.4889313856530452
evaluate,4,4,"0,0",RIGHT,RIGHT,exploit,-0.04,"0,1",False,0.0,0.6931245061547033,0.7281917475482419,0.03506724139353856,0.6931245061547033
evaluate,4,5,"0,1",RIGHT,RIGHT,exploit,-0.04,"0,2",False,0.0,0.8535463861647132,0.8592608590014356,0.0057144728367223285,0.8535463861647132
evaluate,4,6,"0,2",RIGHT,RIGHT,exploit,1.0,"0,3",True,0.0,0.9991787322238174,1.0,0.0008212677761826326,0.9991787322238174
evaluate,5,1,"3,0",UP,UP,exploit,-0.04,"2,0",False,0.0,0.25035266221689034,0.25135302239091994,0.001000360174029602,0.25035266221689034
evaluate,5,2,"2,0",UP,UP,exploit,-0.04,"1,0",False,0.0,0.32372558043435545,0.4000382470877407,0.07631266665338526,0.32372558043435545
evaluate,5,3,"1,0",UP,UP,exploit,-0.04,"0,0",False,0.0,0.4889313856530452,0.583812055539233,0.09488066988618776,0.4889313856530452
evaluate,5,4,"0,0",RIGHT,RIGHT,exploit,-0.04,"0,1",False,0.0,0.6931245061547033,0.7281917475482419,0.03506724139353856,0.6931245061547033
evaluate,5,5,"0,1",RIGHT,RIGHT,exploit,-0.04,"0,2",False,0.0,0.8535463861647132,0.8592608590014356,0.0057144728367223285,0.8535463861647132
evaluate,5,6,"0,2",RIGHT,RIGHT,exploit,1.0,"0,3",True,0.0,0.9991787322238174,1.0,0.0008212677761826326,0.9991787322238174
evaluate,6,1,"3,0",UP,UP,exploit,-0.04,"2,0",False,0.0,0.25035266221689034,0.25135302239091994,0.001000360174029602,0.25035266221689034
evaluate,6,2,"2,0",UP,UP,exploit,-0.04,"1,0",False,0.0,0.32372558043435545,0.4000382470877407,0.07631266665338526,0.32372558043435545
evaluate,6,3,"1,0",UP,UP,exploit,-0.04,"0,0",False,0.0,0.4889313856530452,0.583812055539233,0.09488066988618776,0.4889313856530452
evaluate,6,4,"0,0",RIGHT,RIGHT,exploit,-0.04,"0,1",False,0.0,0.6931245061547033,0.7281917475482419,0.03506724139353856,0.6931245061547033
evaluate,6,5,"0,1",RIGHT,RIGHT,exploit,-0.04,"0,2",False,0.0,0.8535463861647132,0.8592608590014356,0.0057144728367223285,0.8535463861647132
evaluate,6,6,"0,2",RIGHT,DOWN,exploit,-0.04,"1,2",False,0.0,0.9991787322238174,0.33197171678658244,-0.6672070154372349,0.9991787322238174
evaluate,6,7,"1,2",UP,UP,exploit,-0.04,"0,2",False,0.0,0.4133019075406471,0.8592608590014356,0.44595895146078846,0.4133019075406471
evaluate,6,8,"0,2",RIGHT,RIGHT,exploit,1.0,"0,3",True,0.0,0.9991787322238174,1.0,0.0008212677761826326,0.9991787322238174
evaluate,7,1,"3,0",UP,UP,exploit,-0.04,"2,0",False,0.0,0.25035266221689034,0.25135302239091994,0.001000360174029602,0.25035266221689034
evaluate,7,2,"2,0",UP,UP,exploit,-0.04,"1,0",False,0.0,0.32372558043435545,0.4000382470877407,0.07631266665338526,0.32372558043435545
evaluate,7,3,"1,0",UP,UP,exploit,-0.04,"0,0",False,0.0,0.4889313856530452,0.583812055539233,0.09488066988618776,0.4889313856530452
evaluate,7,4,"0,0",RIGHT,RIGHT,exploit,-0.04,"0,1",False,0.0,0.6931245061547033,0.7281917475482419,0.03506724139353856,0.6931245061547033
evaluate,7,5,"0,1",RIGHT,DOWN,exploit,-0.2,"0,1",False,0.0,0.8535463861647132,0.5681917475482419,-0.28535463861647137,0.8535463861647132
evaluate,7,6,"0,1",RIGHT,RIGHT,exploit,-0.04,"0,2",False,0.0,0.8535463861647132,0.8592608590014356,0.0057144728367223285,0.8535463861647132
evaluate,7,7,"0,2",RIGHT,RIGHT,exploit,1.0,"0,3",True,0.0,0.9991787322238174,1.0,0.0008212677761826326,0.9991787322238174
evaluate,8,1,"3,0",UP,UP,exploit,-0.04,"2,0",False,0.0,0.25035266221689034,0.25135302239091994,0.001000360174029602,0.25035266221689034
evaluate,8,2,"2,0",UP,UP,exploit,-0.04,"1,0",False,0.0,0.32372558043435545,0.4000382470877407,0.07631266665338526,0.32372558043435545
evaluate,8,3,"1,0",UP,UP,exploit,-0.04,"0,0",False,0.0,0.4889313856530452,0.583812055539233,0.09488066988618776,0.4889313856530452
evaluate,8,4,"0,0",RIGHT,RIGHT,exploit,-0.04,"0,1",False,0.0,0.6931245061547033,0.7281917475482419,0.03506724139353856,0.6931245061547033
evaluate,8,5,"0,1",RIGHT,RIGHT,exploit,-0.04,"0,2",False,0.0,0.8535463861647132,0.8592608590014356,0.0057144728367223285,0.8535463861647132
evaluate,8,6,"0,2",RIGHT,RIGHT,exploit,1.0,"0,3",True,0.0,0.9991787322238174,1.0,0.0008212677761826326,0.9991787322238174
evaluate,9,1,"3,0",UP,RIGHT,exploit,-0.04,"3,1",False,0.0,0.25035266221689034,0.07211800500606766,-0.17823465721082268,0.25035266221689034
evaluate,9,2,"3,1",LEFT,UP,exploit,-0.2,"3,1",False,0.0,0.12457556111785295,-0.08788199499393236,-0.2124575561117853,0.12457556111785295
evaluate,9,3,"3,1",LEFT,LEFT,exploit,-0.04,"3,0",False,0.0,0.12457556111785295,0.1853173959952013,0.060741834877348355,0.12457556111785295
evaluate,9,4,"3,0",UP,UP,exploit,-0.04,"2,0",False,0.0,0.25035266221689034,0.25135302239091994,0.001000360174029602,0.25035266221689034
evaluate,9,5,"2,0",UP,LEFT,exploit,-0.2,"2,0",False,0.0,0.32372558043435545,0.09135302239091991,-0.23237255804343554,0.32372558043435545
evaluate,9,6,"2,0",UP,UP,exploit,-0.04,"1,0",False,0.0,0.32372558043435545,0.4000382470877407,0.07631266665338526,0.32372558043435545
evaluate,9,7,"1,0",UP,UP,exploit,-0.04,"0,0",False,0.0,0.4889313856530452,0.583812055539233,0.09488066988618776,0.4889313856530452
evaluate,9,8,"0,0",RIGHT,RIGHT,exploit,-0.04,"0,1",False,0.0,0.6931245061547033,0.7281917475482419,0.03506724139353856,0.6931245061547033
evaluate,9,9,"0,1",RIGHT,DOWN,exploit,-0.2,"0,1",False,0.0,0.8535463861647132,0.5681917475482419,-0.28535463861647137,0.8535463861647132
evaluate,9,10,"0,1",RIGHT,RIGHT,exploit,-0.04,"0,2",False,0.0,0.8535463861647132,0.8592608590014356,0.0057144728367223285,0.8535463861647132
evaluate,9,11,"0,2",RIGHT,RIGHT,exploit,1.0,"0,3",True,0.0,0.9991787322238174,1.0,0.0008212677761826326,0.9991787322238174
evaluate,10,1,"3,0",UP,UP,exploit,-0.04,"2,0",False,0.0,0.25035266221689034,0.25135302239091994,0.001000360174029602,0.25035266221689034
evaluate,10,2,"2,0",UP,LEFT,exploit,-0.2,"2,0",False,0.0,0.32372558043435545,0.09135302239091991,-0.23237255804343554,0.32372558043435545
evaluate,10,3,"2,0",UP,UP,exploit,-0.04,"1,0",False,0.0,0.32372558043435545,0.4000382470877407,0.07631266665338526,0.32372558043435545
evaluate,10,4,"1,0",UP,UP,exploit,-0.04,"0,0",False,0.0,0.4889313856530452,0.583812055539233,0.09488066988618776,0.4889313856530452
evaluate,10,5,"0,0",RIGHT,RIGHT,exploit,-0.04,"0,1",False,0.0,0.6931245061547033,0.7281917475482419,0.03506724139353856,0.6931245061547033
evaluate,10,6,"0,1",RIGHT,RIGHT,exploit,-0.04,"0,2",False,0.0,0.8535463861647132,0.8592608590014356,0.0057144728367223285,0.8535463861647132
evaluate,10,7,"0,2",RIGHT,RIGHT,exploit,1.0,"0,3",True,0.0,0.9991787322238174,1.0,0.0008212677761826326,0.9991787322238174
evaluate,11,1,"3,0",UP,UP,exploit,-0.04,"2,0",False,0.0,0.25035266221689034,0.25135302239091994,0.001000360174029602,0.25035266221689034
evaluate,11,2,"2,0",UP,RIGHT,exploit,-0.2,"2,0",False,0.0,0.32372558043435545,0.09135302239091991,-0.23237255804343554,0.32372558043435545
evaluate,11,3,"2,0",UP,UP,exploit,-0.04,"1,0",False,0.0,0.32372558043435545,0.4000382470877407,0.07631266665338526,0.32372558043435545
evaluate,11,4,"1,0",UP,UP,exploit,-0.04,"0,0",False,0.0,0.4889313856530452,0.583812055539233,0.09488066988618776,0.4889313856530452
evaluate,11,5,"0,0",RIGHT,RIGHT,exploit,-0.04,"0,1",False,0.0,0.6931245061547033,0.7281917475482419,0.03506724139353856,0.6931245061547033
evaluate,11,6,"0,1",RIGHT,RIGHT,exploit,-0.04,"0,2",False,0.0,0.8535463861647132,0.8592608590014356,0.0057144728367223285,0.8535463861647132
evaluate,11,7,"0,2",RIGHT,RIGHT,exploit,1.0,"0,3",True,0.0,0.9991787322238174,1.0,0.0008212677761826326,0.9991787322238174
evaluate,12,1,"3,0",UP,UP,exploit,-0.04,"2,0",False,0.0,0.25035266221689034,0.25135302239091994,0.001000360174029602,0.25035266221689034
evaluate,12,2,"2,0",UP,UP,exploit,-0.04,"1,0",False,0.0,0.32372558043435545,0.4000382470877407,0.07631266665338526,0.32372558043435545
evaluate,12,3,"1,0",UP,UP,exploit,-0.04,"0,0",False,0.0,0.4889313856530452,0.583812055539233,0.09488066988618776,0.4889313856530452
evaluate,12,4,"0,0",RIGHT,DOWN,exploit,-0.04,"1,0",False,0.0,0.6931245061547033,0.4000382470877407,-0.2930862590669626,0.6931245061547033
evaluate,12,5,"1,0",UP,UP,exploit,-0.04,"0,0",False,0.0,0.4889313856530452,0.583812055539233,0.09488066988618776,0.4889313856530452
evaluate,12,6,"0,0",RIGHT,RIGHT,exploit,-0.04,"0,1",False,0.0,0.6931245061547033,0.7281917475482419,0.03506724139353856,0.6931245061547033
evaluate,12,7,"0,1",RIGHT,RIGHT,exploit,-0.04,"0,2",False,0.0,0.8535463861647132,0.8592608590014356,0.0057144728367223285,0.8535463861647132
evaluate,12,8,"0,2",RIGHT,RIGHT,exploit,1.0,"0,3",True,0.0,0.9991787322238174,1.0,0.0008212677761826326,0.9991787322238174
evaluate,13,1,"3,0",UP,RIGHT,exploit,-0.04,"3,1",False,0.0,0.25035266221689034,0.07211800500606766,-0.17823465721082268,0.25035266221689034
evaluate,13,2,"3,1",LEFT,LEFT,exploit,-0.04,"3,0",False,0.0,0.12457556111785295,0.1853173959952013,0.060741834877348355,0.12457556111785295
evaluate,13,3,"3,0",UP,UP,exploit,-0.04,"2,0",False,0.0,0.25035266221689034,0.25135302239091994,0.001000360174029602,0.25035266221689034
evaluate,13,4,"2,0",UP,UP,exploit,-0.04,"1,0",False,0.0,0.32372558043435545,0.4000382470877407,0.07631266665338526,0.32372558043435545
evaluate,13,5,"1,0",UP,UP,exploit,-0.04,"0,0",False,0.0,0.4889313856530452,0.583812055539233,0.09488066988618776,0.4889313856530452
evaluate,13,6,"0,0",RIGHT,RIGHT,exploit,-0.04,"0,1",False,0.0,0.6931245061547033,0.7281917475482419,0.03506724139353856,0.6931245061547033
evaluate,13,7,"0,1",RIGHT,RIGHT,exploit,-0.04,"0,2",False,0.0,0.8535463861647132,0.8592608590014356,0.0057144728367223285,0.8535463861647132
evaluate,13,8,"0,2",RIGHT,RIGHT,exploit,1.0,"0,3",True,0.0,0.9991787322238174,1.0,0.0008212677761826326,0.9991787322238174
evaluate,14,1,"3,0",UP,UP,exploit,-0.04,"2,0",False,0.0,0.25035266221689034,0.25135302239091994,0.001000360174029602,0.25035266221689034
evaluate,14,2,"2,0",UP,UP,exploit,-0.04,"1,0",False,0.0,0.32372558043435545,0.4000382470877407,0.07631266665338526,0.32372558043435545
evaluate,14,3,"1,0",UP,RIGHT,exploit,-0.2,"1,0",False,0.0,0.4889313856530452,0.24003824708774069,-0.24889313856530454,0.4889313856530452
evaluate,14,4,"1,0",UP,UP,exploit,-0.04,"0,0",False,0.0,0.4889313856530452,0.583812055539233,0.09488066988618776,0.4889313856530452
evaluate,14,5,"0,0",RIGHT,RIGHT,exploit,-0.04,"0,1",False,0.0,0.6931245061547033,0.7281917475482419,0.03506724139353856,0.6931245061547033
evaluate,14,6,"0,1",RIGHT,RIGHT,exploit,-0.04,"0,2",False,0.0,0.8535463861647132,0.8592608590014356,0.0057144728367223285,0.8535463861647132
evaluate,14,7,"0,2",RIGHT,RIGHT,exploit,1.0,"0,3",True,0.0,0.9991787322238174,1.0,0.0008212677761826326,0.9991787322238174
evaluate,15,1,"3,0",UP,UP,exploit,-0.04,"2,0",False,0.0,0.25035266221689034,0.25135302239091994,0.001000360174029602,0.25035266221689034
evaluate,15,2,"2,0",UP,UP,exploit,-0.04,"1,0",False,0.0,0.32372558043435545,0.4000382470877407,0.07631266665338526,0.32372558043435545
evaluate,15,3,"1,0",UP,RIGHT,exploit,-0.2,"1,0",False,0.0,0.4889313856530452,0.24003824708774069,-0.24889313856530454,0.4889313856530452
evaluate,15,4,"1,0",UP,UP,exploit,-0.04,"0,0",False,0.0,0.4889313856530452,0.583812055539233,0.09488066988618776,0.4889313856530452
evaluate,15,5,"0,0",RIGHT,RIGHT,exploit,-0.04,"0,1",False,0.0,0.6931245061547033,0.7281917475482419,0.03506724139353856,0.6931245061547033
evaluate,15,6,"0,1",RIGHT,UP,exploit,-0.2,"0,1",False,0.0,0.8535463861647132,0.5681917475482419,-0.28535463861647137,0.8535463861647132
evaluate,15,7,"0,1",RIGHT,RIGHT,exploit,-0.04,"0,2",False,0.0,0.8535463861647132,0.8592608590014356,0.0057144728367223285,0.8535463861647132
evaluate,15,8,"0,2",RIGHT,RIGHT,exploit,1.0,"0,3",True,0.0,0.9991787322238174,1.0,0.0008212677761826326,0.9991787322238174
evaluate,16,1,"3,0",UP,LEFT,exploit,-0.2,"3,0",False,0.0,0.25035266221689034,0.025317395995201303,-0.22503526622168904,0.25035266221689034
evaluate,16,2,"3,0",UP,UP,exploit,-0.04,"2,0",False,0.0,0.25035266221689034,0.25135302239091994,0.001000360174029602,0.25035266221689034
evaluate,16,3,"2,0",UP,UP,exploit,-0.04,"1,0",False,0.0,0.32372558043435545,0.4000382470877407,0.07631266665338526,0.32372558043435545
evaluate,16,4,"1,0",UP,UP,exploit,-0.04,"0,0",False,0.0,0.4889313856530452,0.583812055539233,0.09488066988618776,0.4889313856530452
evaluate,16,5,"0,0",RIGHT,RIGHT,exploit,-0.04,"0,1",False,0.0,0.6931245061547033,0.7281917475482419,0.03506724139353856,0.6931245061547033
evaluate,16,6,"0,1",RIGHT,RIGHT,exploit,-0.04,"0,2",False,0.0,0.8535463861647132,0.8592608590014356,0.0057144728367223285,0.8535463861647132
evaluate,16,7,"0,2",RIGHT,RIGHT,exploit,1.0,"0,3",True,0.0,0.9991787322238174,1.0,0.0008212677761826326,0.9991787322238174
evaluate,17,1,"3,0",UP,UP,exploit,-0.04,"2,0",False,0.0,0.25035266221689034,0.25135302239091994,0.001000360174029602,0.25035266221689034
evaluate,17,2,"2,0",UP,UP,exploit,-0.04,"1,0",False,0.0,0.32372558043435545,0.4000382470877407,0.07631266665338526,0.32372558043435545
evaluate,17,3,"1,0",UP,UP,exploit,-0.04,"0,0",False,0.0,0.4889313856530452,0.583812055539233,0.09488066988618776,0.4889313856530452
evaluate,17,4,"0,0",RIGHT,RIGHT,exploit,-0.04,"0,1",False,0.0,0.6931245061547033,0.7281917475482419,0.03506724139353856,0.6931245061547033
evaluate,17,5,"0,1",RIGHT,RIGHT,exploit,-0.04,"0,2",False,0.0,0.8535463861647132,0.8592608590014356,0.0057144728367223285,0.8535463861647132
evaluate,17,6,"0,2",RIGHT,RIGHT,exploit,1.0,"0,3",True,0.0,0.9991787322238174,1.0,0.0008212677761826326,0.9991787322238174
evaluate,18,1,"3,0",UP,UP,exploit,-0.04,"2,0",False,0.0,0.25035266221689034,0.25135302239091994,0.001000360174029602,0.25035266221689034
evaluate,18,2,"2,0",UP,UP,exploit,-0.04,"1,0",False,0.0,0.32372558043435545,0.4000382470877407,0.07631266665338526,0.32372558043435545
evaluate,18,3,"1,0",UP,UP,exploit,-0.04,"0,0",False,0.0,0.4889313856530452,0.583812055539233,0.09488066988618776,0.4889313856530452
evaluate,18,4,"0,0",RIGHT,RIGHT,exploit,-0.04,"0,1",False,0.0,0.6931245061547033,0.7281917475482419,0.03506724139353856,0.6931245061547033
evaluate,18,5,"0,1",RIGHT,RIGHT,exploit,-0.04,"0,2",False,0.0,0.8535463861647132,0.8592608590014356,0.0057144728367223285,0.8535463861647132
evaluate,18,6,"0,2",RIGHT,RIGHT,exploit,1.0,"0,3",True,0.0,0.9991787322238174,1.0,0.0008212677761826326,0.9991787322238174
evaluate,19,1,"3,0",UP,UP,exploit,-0.04,"2,0",False,0.0,0.25035266221689034,0.25135302239091994,0.001000360174029602,0.25035266221689034
evaluate,19,2,"2,0",UP,RIGHT,exploit,-0.2,"2,0",False,0.0,0.32372558043435545,0.09135302239091991,-0.23237255804343554,0.32372558043435545
evaluate,19,3,"2,0",UP,UP,exploit,-0.04,"1,0",False,0.0,0.32372558043435545,0.4000382470877407,0.07631266665338526,0.32372558043435545
evaluate,19,4,"1,0",UP,UP,exploit,-0.04,"0,0",False,0.0,0.4889313856530452,0.583812055539233,0.09488066988618776,0.4889313856530452
evaluate,19,5,"0,0",RIGHT,RIGHT,exploit,-0.04,"0,1",False,0.0,0.6931245061547033,0.7281917475482419,0.03506724139353856,0.6931245061547033
evaluate,19,6,"0,1",RIGHT,DOWN,exploit,-0.2,"0,1",False,0.0,0.8535463861647132,0.5681917475482419,-0.28535463861647137,0.8535463861647132
evaluate,19,7,"0,1",RIGHT,RIGHT,exploit,-0.04,"0,2",False,0.0,0.8535463861647132,0.8592608590014356,0.0057144728367223285,0.8535463861647132
evaluate,19,8,"0,2",RIGHT,RIGHT,exploit,1.0,"0,3",True,0.0,0.9991787322238174,1.0,0.0008212677761826326,0.9991787322238174
evaluate,20,1,"3,0",UP,UP,exploit,-0.04,"2,0",False,0.0,0.25035266221689034,0.25135302239091994,0.001000360174029602,0.25035266221689034
evaluate,20,2,"2,0",UP,UP,exploit,-0.04,"1,0",False,0.0,0.32372558043435545,0.4000382470877407,0.07631266665338526,0.32372558043435545
evaluate,20,3,"1,0",UP,UP,exploit,-0.04,"0,0",False,0.0,0.4889313856530452,0.583812055539233,0.09488066988618776,0.4889313856530452
evaluate,20,4,"0,0",RIGHT,RIGHT,exploit,-0.04,"0,1",False,0.0,0.6931245061547033,0.7281917475482419,0.03506724139353856,0.6931245061547033
evaluate,20,5,"0,1",RIGHT,RIGHT,exploit,-0.04,"0,2",False,0.0,0.8535463861647132,0.8592608590014356,0.0057144728367223285,0.8535463861647132
evaluate,20,6,"0,2",RIGHT,RIGHT,exploit,1.0,"0,3",True,0.0,0.9991787322238174,1.0,0.0008212677761826326,0.9991787322238174
